code,group,series,rule,initial_candidate,start,end,days,cumulative_return,CAGR,Sharpe,Calmar,MDD_pct,MDD_amount,trades,win_rate,profit_factor,net_pnl,final_equity,gross_pnl,cost_total,rolls,capital_skips,longest_drawdown_trading_days,longest_drawdown_calendar_days,exposure_days
F01,投信,投信5日動能＋20日價格趨勢,投信淨OI高於5日前且收盤>20日均線；任一不成立退出,True,2018-08-31,2026-10-05,1968,0.42387372040000115,0.04460105098099243,0.9833266645187041,0.4454299259560422,0.10013034235466689,1473871.731999997,150,0.5266666666666666,2.0841705919664757,4238737.204,14238737.204000011,4439800.0,201062.796,40,0,205,306,785
R01,外資比例,外資比例20日均值＋價格趨勢,外資淨OI/多空總OI高於20日均值，收盤>MA20且MA20>MA60；任一不成立退出,True,2018-08-31,2026-10-05,1968,0.29323247280000064,0.03226138558026981,1.029297698086193,0.42680616273527167,0.07558790944703409,1009621.8199999984,112,0.5803571428571429,2.252231545083304,2932324.728,12932324.728000006,3065600.0,133275.272,14,0,452,679,422
V01,交易流量,法人交易強度3日平均,三法人淨交易口數/多空總交易口數之3日平均>0做多，<=0退出,True,2018-08-31,2026-10-05,1968,0.6274175864000007,0.06197825084673814,1.207871192219342,0.613486073601687,0.10102633704930397,1195936.392000001,316,0.5886075949367089,2.0178702248854874,6274175.864,16274175.864000006,6654800.0,380624.13600000006,48,0,568,861,962
F02,投信,投信淨多留倉,投信淨OI>0做多，<=0退出,False,2018-08-31,2026-10-05,1968,0.6185192968,0.06125953333677603,0.8713785640275227,0.46510504898070987,0.13171117679979594,1693859.8000000007,11,0.45454545454545453,12.847257577409366,6185192.967999999,16185192.967999998,6244000.0,58807.032,43,0,627,935,881
F03,投信,投信淨多＋20日價格趨勢,投信淨OI>0且收盤>MA20做多，任一不成立退出,False,2018-08-31,2026-10-05,1968,0.29449113839999996,0.03238538804711988,0.6019099211813934,0.296169037299093,0.10934764937772601,1473871.731999997,53,0.41509433962264153,2.0135171700426437,2944911.384,12944911.384,3038400.0,93488.616,32,0,638,960,615
F04,投信,投信20日留倉趨勢,投信淨OI高於其20日均值做多，否則退出,False,2018-08-31,2026-10-05,1968,0.515216212400001,0.052651879850523775,0.8290133627588805,0.47959916212281023,0.1097830939017389,1693859.8000000007,96,0.5833333333333334,2.5637784686366567,5152162.124,15152162.124000011,5307800.0,155637.876,53,0,389,592,1104
F05,投信,投信20日留倉趨勢＋價格趨勢,投信淨OI高於20日均值且收盤>MA20做多，否則退出,False,2018-08-31,2026-10-05,1968,0.3553384540000024,0.0382575216449943,0.8165806426027938,0.3735860846906065,0.10240617413969821,1473871.731999997,116,0.5,1.9376065455524933,3553384.54,13553384.540000023,3717000.0,163615.46000000002,39,0,243,362,827
F06,投信,投信20日動能＋價格趨勢,投信淨OI高於20日前且收盤>MA20做多，否則退出,False,2018-08-31,2026-10-05,1968,0.26726010920000154,0.02967870487308799,0.622082405791399,0.2784735686180317,0.10657638001471081,1473871.731999997,100,0.5,1.8138201151997073,2672601.092,12672601.092000015,2822200.0,149598.908,42,0,382,564,832
R02,外資比例,外資比例20日趨勢,外資淨OI/多空总OI高於20日均值做多，否則退出,False,2018-08-31,2026-10-05,1968,0.6213799804000004,0.06149096854859182,1.2886651557257707,0.5531913400751463,0.11115678083507019,1447740.9720000029,183,0.5573770491803278,2.5677346411037125,6213799.8040000005,16213799.804000003,6444600.0,230800.19600000003,37,0,270,404,886
R03,外資比例,外資比例改善＋20日價格趨勢,外資淨OI/多空總OI高於5日前且收盤>MA20做多，否則退出,False,2018-08-31,2026-10-05,1968,0.2563860516000025,0.028583592748886888,0.7956173964985646,0.5823617318336729,0.04908219614445852,550143.2120000012,192,0.5520833333333334,1.7019367021794594,2563860.5160000003,12563860.516000025,2795400.0,231539.484,27,0,568,861,591
R04,外資比例,外資淨空＋20日價格趨勢,外資淨OI/多空總OI<0且收盤>MA20做多，否則退出；假說為避險空單與上升行情並存,False,2018-08-31,2026-10-05,1968,0.30479203879999983,0.03339626967311271,0.6112335251294292,0.3082906727805958,0.10832721396303857,1473871.731999997,70,0.45714285714285713,1.899831367787541,3047920.3880000003,13047920.387999998,3164200.0,116279.612,37,0,564,853,719
R05,外資比例,外資淨多＋20日價格趨勢,外資淨OI/多空總OI>0且收盤>MA20做多，否則退出,False,2018-08-31,2026-10-05,1968,0.1757245556000011,0.020190424266801843,1.120696854173312,0.8959390243926885,0.02253548926556459,265449.8719999958,51,0.5490196078431373,3.0436977825318823,1757245.556,11757245.556000011,1837800.0,80554.44399999999,29,0,626,941,567
R06,外資比例,外資60日比例趨勢＋價格趨勢,外資比例高於60日均值且收盤>MA20做多，否則退出,False,2018-08-31,2026-10-05,1968,0.2741883528,0.03037215127396231,0.9582683412830039,0.3963996216776058,0.07662003093096836,1009787.5879999977,127,0.5118110236220472,1.8275546162345269,2741883.528,12741883.528,2899600.0,157716.472,22,0,306,456,601
V02,交易流量,法人交易強度3日＋價格趨勢,交易強度3日平均>0且收盤>MA20做多，否則退出,False,2018-08-31,2026-10-05,1968,0.3275082316000013,0.035601036749175474,1.0666216207515482,0.473069212994771,0.07525545051600935,1040752.3199999984,254,0.594488188976378,1.813512498723886,3275082.3160000006,13275082.316000013,3569800.0,294717.684,27,0,249,370,606
V03,交易流量,法人交易強度5日＋價格趨勢,交易強度5日平均>0且收盤>MA20做多，否則退出,False,2018-08-31,2026-10-05,1968,0.2685780036000016,0.029810868144064973,0.8971417023735906,0.4616748584573885,0.06457113182137131,858114.4759999979,219,0.5525114155251142,1.734100191679145,2685780.0360000003,12685780.036000015,2948600.0,262819.96400000004,32,0,317,487,611
V04,交易流量,法人交易強度20日＋價格趨勢,交易強度20日平均>0且收盤>MA20做多，否則退出,False,2018-08-31,2026-10-05,1968,0.3277536576000013,0.035624675944665674,1.3020005980912697,0.9064489819785223,0.03930135799469603,487118.7559999991,147,0.5170068027210885,2.197333969328609,3277536.576,13277536.576000012,3469600.0,192063.424,37,0,482,722,658
V05,交易流量,法人交易強度20日,交易強度20日平均>0做多，否則退出,False,2018-08-31,2026-10-05,1968,0.42236464640000193,0.044464283330720944,0.8681246181780141,0.46900766576172953,0.09480502468654783,1306105.2360000014,182,0.5659340659340659,2.1781895994284235,4223646.464,14223646.46400002,4465200.0,241553.53600000002,50,0,805,1205,972
V06,交易流量,法人交易強度5日,交易強度5日平均>0做多，否則退出,False,2018-08-31,2026-10-05,1968,0.42343523480000167,0.04456132405186208,0.8565183428379589,0.4959348407547059,0.08985318309971801,1207223.2640000004,260,0.5461538461538461,1.7730094652832034,4234352.347999999,14234352.348000016,4557000.0,322647.652,50,0,567,858,962
