date,contract,open,high,low,close,volume,source_archive
2018-07-02,TX201906,,,,,0,2018.zip
2021-07-08,TX202206,,,,,0,2021.zip
2021-07-14,TX202206,,,,,0,2021.zip
2021-07-27,TX202206,,,,,0,2021.zip
2021-08-05,TX202206,,,,,0,2021.zip
2021-08-12,TX202203,16860.0,,,16860.0,1,2021.zip
2021-08-12,TX202206,,,,,0,2021.zip
2021-08-17,TX202206,16414.0,,,16414.0,1,2021.zip
2021-10-05,TX202209,,,,,0,2021.zip
2021-10-14,TX202209,,,,,0,2021.zip
2021-11-19,TX202209,,,,,0,2021.zip
2021-11-22,TX202209,,,,,0,2021.zip
2021-11-24,TX202209,,,,,0,2021.zip
2021-12-09,TX202209,,,,,0,2021.zip
2021-12-10,TX202209,,,,,0,2021.zip
2021-12-17,TX202209,,,,,0,2021.zip
2021-12-20,TX202209,,,,,0,2021.zip
2022-04-06,TX202303,16737.0,,,16737.0,1,2022.zip
2022-06-02,TX202303,,,,,0,2022.zip
2023-02-07,TX202309,,,,,0,2023.zip
2023-03-24,TX202312,,,,,0,2023.zip
2023-04-07,TX202403,,,,,0,2023.zip
2023-05-09,TX202403,,,,,0,2023.zip
2023-05-19,TX202403,,,,,0,2023.zip
2023-08-21,TX202406,,,,,0,2023.zip
2023-10-25,TX202409,16148.0,,,16148.0,2,2023.zip
2023-11-23,TX202406,,,,,0,2023.zip
2023-11-24,TX202406,,,,,0,2023.zip
2024-07-30,TX202506,,,,,0,2024.zip
2024-08-22,TX202503,,,,,0,2024.zip
2024-08-26,TX202506,,,,,0,2024.zip
2024-08-27,TX202503,,,,,0,2024.zip
2024-08-28,TX202506,,,,,0,2024.zip
2024-09-05,TX202503,,,,,0,2024.zip
2024-09-11,TX202503,,,,,0,2024.zip
2024-09-13,TX202503,21698.0,,,21698.0,2,2024.zip
2024-09-18,TX202506,21831.0,,,21831.0,5,2024.zip
2024-10-07,TX202509,,,,,0,2024.zip
2024-10-18,TX202509,,,,,0,2024.zip
2024-10-21,TX202509,,,,,0,2024.zip
2024-10-24,TX202509,,,,,0,2024.zip
2024-10-25,TX202509,,,,,0,2024.zip
2024-10-30,TX202503,,,,,0,2024.zip
2024-11-13,TX202509,,,,,0,2024.zip
2024-11-19,TX202509,,,,,0,2024.zip
2024-12-25,TX202509,,,,,0,2024.zip
2024-12-26,TX202512,,,,,0,2024.zip
2024-12-27,TX202512,,,,,0,2024.zip
2024-12-30,TX202509,,,,,0,2024.zip
2024-12-30,TX202512,,,,,0,2024.zip
2025-01-17,TX202509,23023.0,,,23023.0,4,2025.zip
2025-01-20,TX202509,,,,,0,2025.zip
2025-01-20,TX202512,,,,,0,2025.zip
2025-01-21,TX202512,,,,,0,2025.zip
2025-02-06,TX202512,,,,,0,2025.zip
2025-02-12,TX202512,,,,,0,2025.zip
2025-03-10,TX202512,,,,,0,2025.zip
2025-03-24,TX202509,,,,,0,2025.zip
2025-04-15,TX202603,,,,,0,2025.zip
2025-04-21,TX202512,,,,,0,2025.zip
2025-04-23,TX202603,,,,,0,2025.zip
2025-04-24,TX202603,,,,,0,2025.zip
2025-04-25,TX202603,,,,,0,2025.zip
2025-05-06,TX202512,,,,,0,2025.zip
2025-05-21,TX202512,,,,,0,2025.zip
2025-05-28,TX202603,20545.0,,,20545.0,13,2025.zip
2025-06-05,TX202603,,,,,0,2025.zip
2025-06-11,TX202512,,,,,0,2025.zip
2025-06-16,TX202603,,,,,0,2025.zip
2025-06-20,TX202603,,,,,0,2025.zip
2025-06-30,TX202606,,,,,0,2025.zip
2025-07-03,TX202603,,,,,0,2025.zip
2025-07-04,TX202606,,,,,0,2025.zip
2025-07-07,TX202606,,,,,0,2025.zip
2025-07-08,TX202606,,,,,0,2025.zip
2025-07-10,TX202606,21803.0,,,21803.0,1,2025.zip
2025-07-11,TX202606,21922.0,,,21922.0,6,2025.zip
2025-07-16,TX202606,,,,,0,2025.zip
2025-07-24,TX202606,,,,,0,2025.zip
2025-07-25,TX202512,23092.0,,,23092.0,2,2025.zip
2025-07-28,TX202606,,,,,0,2025.zip
2025-07-30,TX202606,,,,,0,2025.zip
2025-08-08,TX202606,,,,,0,2025.zip
2025-08-12,TX202606,,,,,0,2025.zip
2025-08-15,TX202606,23901.0,,,23901.0,1,2025.zip
2025-08-18,TX202606,,,,,0,2025.zip
2025-08-19,TX202606,,,,,0,2025.zip
2025-08-22,TX202606,,,,,0,2025.zip
2025-08-25,TX202606,,,,,0,2025.zip
2025-08-28,TX202606,,,,,0,2025.zip
2025-08-29,TX202606,,,,,0,2025.zip
2025-09-03,TX202606,,,,,0,2025.zip
2025-09-10,TX202606,,,,,0,2025.zip
2025-09-12,TX202606,,,,,0,2025.zip
2025-09-19,TX202606,,,,,0,2025.zip
2025-09-19,TX202609,,,,,0,2025.zip
2025-09-22,TX202606,25548.0,,,25548.0,10,2025.zip
2025-09-23,TX202609,,,,,0,2025.zip
2025-09-24,TX202609,25778.0,,,25778.0,9,2025.zip
2025-09-25,TX202609,,,,,0,2025.zip
2025-10-01,TX202606,,,,,0,2025.zip
2025-10-07,TX202609,,,,,0,2025.zip
2025-10-08,TX202609,,,,,0,2025.zip
2025-10-09,TX202609,,,,,0,2025.zip
2025-10-21,TX202609,,,,,0,2025.zip
2025-10-22,TX202609,,,,,0,2025.zip
2025-10-27,TX202609,27305.0,,,27305.0,2,2025.zip
2025-10-28,TX202609,,,,,0,2025.zip
2025-11-03,TX202609,,,,,0,2025.zip
2025-11-06,TX202609,,,,,0,2025.zip
2025-11-07,TX202609,,,,,0,2025.zip
2025-11-10,TX202609,27563.0,,,27563.0,4,2025.zip
2025-11-11,TX202609,,,,,0,2025.zip
2025-11-12,TX202609,,,,,0,2025.zip
2025-11-13,TX202609,,,,,0,2025.zip
2025-11-14,TX202609,,,,,0,2025.zip
2025-11-25,TX202609,26422.0,,,26422.0,2,2025.zip
2025-12-03,TX202609,27357.0,,,27357.0,1,2025.zip
2025-12-09,TX202606,28324.0,,,28324.0,2,2025.zip
2025-12-22,TX202609,,,,,0,2025.zip
2025-12-23,TX202609,,,,,0,2025.zip
2025-12-23,TX202612,,,,,0,2025.zip
2025-12-31,TX202609,28837.0,,,28837.0,26,2025.zip
2025-12-31,TX202612,,,,,0,2025.zip
2026-01-07,TX202612,,,,,0,2026_01.csv
2026-01-14,TX202609,,,,,0,2026_01.csv
2026-01-15,TX202612,,,,,0,2026_01.csv
2026-01-26,TX202609,,,,,0,2026_01.csv
2026-02-04,TX202609,32321.0,,,32321.0,5,2026_02.csv
2026-02-05,TX202609,32483.0,,,32483.0,25,2026_02.csv
2026-03-20,TX202703,,,,,0,2026_03.csv
2026-03-26,TX202703,,,,,0,2026_03.csv
2026-03-27,TX202703,,,,,0,2026_03.csv
2026-04-13,TX202703,,,,,0,2026_04.csv
2026-04-20,TX202703,37707.0,,,37707.0,6,2026_04.csv
2026-04-21,TX202703,37920.0,,,37920.0,2,2026_04.csv
2026-04-22,TX202703,,,,,0,2026_04.csv
2026-04-30,TX202703,,,,,0,2026_04.csv
2026-05-04,TX202703,,,,,0,2026_05.csv
2026-05-13,TX202703,,,,,0,2026_05.csv
2026-05-26,TX202703,,,,,0,2026_05.csv
2026-06-02,TX202703,,,,,0,2026_06.csv
2026-06-03,TX202703,,,,,0,2026_06.csv
2026-06-11,TX202703,,,,,0,2026_06.csv
2026-06-12,TX202703,,,,,0,2026_06.csv
2026-06-15,TX202703,,,,,0,2026_06.csv
2026-06-17,TX202703,,,,,0,2026_06.csv
2026-06-22,TX202703,,,,,0,2026_06.csv
2026-06-25,TX202703,,,,,0,2026_06.csv
2026-06-29,TX202703,46572.0,,,46572.0,2,2026_06.csv
2026-07-01,TX202703,,,,,0,2026_07.csv
2026-07-03,TX202703,,,,,0,2026_07.csv
2026-07-06,TX202703,,,,,0,2026_07.csv
2026-07-06,TX202706,,,,,0,2026_07.csv
2026-07-07,TX202703,48990.0,,,48990.0,2,2026_07.csv
2026-07-08,TX202703,,,,,0,2026_07.csv
2026-07-15,TX202703,47007.0,,,47007.0,4,2026_07.csv
2026-07-20,TX202703,,,,,0,2026_07.csv
2026-07-21,TX202703,,,,,0,2026_07.csv
2026-07-23,TX202703,,,,,0,2026_07.csv
2026-07-24,TX202612,45950.0,,,45950.0,38,2026_07.csv
2026-07-27,TX202703,45592.0,,,45592.0,1,2026_07.csv
2026-07-27,TX202706,,,,,0,2026_07.csv
2026-08-03,TX202703,,,,,0,2026_08.csv
2026-08-03,TX202706,,,,,0,2026_08.csv
2026-08-06,TX202706,46220.0,,,46220.0,1,2026_08.csv
2026-08-07,TX202703,,,,,0,2026_08.csv
2026-08-11,TX202706,,,,,0,2026_08.csv
2026-08-12,TX202706,,,,,0,2026_08.csv
2026-08-13,TX202703,,,,,0,2026_08.csv
2026-08-18,TX202706,47436.0,,,47436.0,1,2026_08.csv
2026-08-19,TX202706,,,,,0,2026_08.csv
2026-08-21,TX202703,45664.0,,,45664.0,2,2026_08.csv
2026-08-24,TX202703,,,,,0,2026_08.csv
2026-08-25,TX202706,,,,,0,2026_08.csv
2026-08-26,TX202703,45806.0,,,45806.0,3,2026_08.csv
2026-09-11,TX202703,,,,,0,2026_09.csv
2026-09-21,TX202706,,,,,0,2026_09.csv
2026-09-23,TX202709,49635.0,,,49635.0,7,2026_09.csv
