contract,first_observed_date,last_observed_date,official_rows,missing_open,missing_close,contract_month,window_rows,expired_within_download
TX201601,2016-01-04,2016-01-20,13,0,0,201601,0,True
TX201602,2016-01-04,2016-02-17,27,0,0,201602,0,True
TX201603,2016-01-04,2016-03-16,46,0,0,201603,0,True
TX201604,2016-02-18,2016-04-20,42,0,0,201604,0,True
TX201605,2016-03-17,2016-05-18,42,0,0,201605,0,True
TX201606,2016-01-04,2016-06-15,107,0,0,201606,0,True
TX201607,2016-05-19,2016-07-20,43,0,0,201607,0,True
TX201608,2016-06-16,2016-08-17,44,0,0,201608,0,True
TX201609,2016-01-04,2016-09-21,175,0,0,201609,0,True
TX201610,2016-08-18,2016-10-19,41,0,0,201610,10,True
TX201611,2016-09-22,2016-11-16,37,0,0,201611,30,True
TX201612,2016-01-21,2016-12-21,224,0,0,201612,55,True
TX201701,2016-11-17,2017-01-18,44,0,0,201701,44,True
TX201702,2016-12-22,2017-02-15,33,0,0,201702,33,True
TX201703,2016-04-21,2017-03-15,220,0,0,201703,107,True
TX201704,2017-02-16,2017-04-19,42,0,0,201704,42,True
TX201705,2017-03-16,2017-05-17,42,0,0,201705,42,True
TX201706,2016-07-21,2017-06-21,224,0,0,201706,173,True
TX201707,2017-05-18,2017-07-19,44,0,0,201707,44,True
TX201708,2017-06-22,2017-08-16,40,0,0,201708,40,True
TX201709,2016-10-20,2017-09-20,228,0,0,201709,228,True
TX201710,2017-08-17,2017-10-18,43,0,0,201710,43,True
TX201711,2017-09-21,2017-11-15,38,0,0,201711,38,True
TX201712,2017-01-19,2017-12-20,227,0,0,201712,227,True
TX201801,2017-11-16,2018-01-17,44,0,0,201801,44,True
TX201802,2017-12-21,2018-02-21,38,0,0,201802,38,True
TX201803,2017-04-20,2018-03-21,228,0,0,201803,228,True
TX201804,2018-02-22,2018-04-18,37,0,0,201804,37,True
TX201805,2018-03-22,2018-05-16,37,0,0,201805,37,True
TX201806,2017-07-20,2018-06-20,226,0,0,201806,226,True
TX201807,2018-05-17,2018-07-18,44,0,0,201807,44,True
TX201808,2018-06-21,2018-08-15,40,0,0,201808,40,True
TX201809,2017-10-19,2018-09-19,228,0,0,201809,228,True
TX201810,2018-07-19,2018-10-17,63,0,0,201810,63,True
TX201811,2018-08-16,2018-11-21,68,0,0,201811,68,True
TX201812,2018-01-18,2018-12-19,227,0,0,201812,227,True
TX201901,2018-10-18,2019-01-16,64,0,0,201901,64,True
TX201902,2018-11-22,2019-02-20,57,0,0,201902,57,True
TX201903,2018-04-19,2019-03-20,226,0,0,201903,226,True
TX201904,2019-01-17,2019-04-17,54,0,0,201904,54,True
TX201905,2019-02-21,2019-05-15,55,0,0,201905,55,True
TX201906,2018-07-02,2019-06-19,237,1,1,201906,237,True
TX201907,2019-04-18,2019-07-17,63,0,0,201907,63,True
TX201908,2019-05-16,2019-08-21,68,0,0,201908,68,True
TX201909,2018-09-20,2019-09-18,242,0,0,201909,242,True
TX201910,2019-07-18,2019-10-16,60,0,0,201910,60,True
TX201911,2019-08-22,2019-11-20,61,0,0,201911,61,True
TX201912,2018-12-20,2019-12-18,241,0,0,201912,241,True
TX202001,2019-10-17,2020-01-15,64,0,0,202001,64,True
TX202002,2019-11-21,2020-02-19,57,0,0,202002,57,True
TX202003,2019-03-21,2020-03-18,242,0,0,202003,242,True
TX202004,2020-01-16,2020-04-15,55,0,0,202004,55,True
TX202005,2020-02-20,2020-05-20,61,0,0,202005,61,True
TX202006,2019-06-20,2020-06-17,243,0,0,202006,243,True
TX202007,2020-04-16,2020-07-15,62,0,0,202007,62,True
TX202008,2020-05-21,2020-08-19,63,0,0,202008,63,True
TX202009,2019-09-19,2020-09-16,243,0,0,202009,243,True
TX202010,2020-07-16,2020-10-21,67,0,0,202010,67,True
TX202011,2020-08-20,2020-11-18,62,0,0,202011,62,True
TX202012,2019-12-19,2020-12-16,243,0,0,202012,243,True
TX202101,2020-10-22,2021-01-20,64,0,0,202101,64,True
TX202102,2020-11-19,2021-02-17,57,0,0,202102,57,True
TX202103,2020-03-19,2021-03-17,243,0,0,202103,243,True
TX202104,2021-01-21,2021-04-21,55,0,0,202104,55,True
TX202105,2021-02-18,2021-05-19,61,0,0,202105,61,True
TX202106,2020-06-18,2021-06-16,242,0,0,202106,242,True
TX202107,2021-04-22,2021-07-21,63,0,0,202107,63,True
TX202108,2021-05-20,2021-08-18,64,0,0,202108,64,True
TX202109,2020-09-17,2021-09-15,244,0,0,202109,244,True
TX202110,2021-07-22,2021-10-20,62,0,0,202110,62,True
TX202111,2021-08-19,2021-11-17,62,0,0,202111,62,True
TX202112,2020-12-17,2021-12-15,244,0,0,202112,244,True
TX202201,2021-10-21,2022-01-19,64,0,0,202201,64,True
TX202202,2021-11-18,2022-02-16,57,0,0,202202,57,True
TX202203,2021-03-18,2022-03-16,244,0,0,202203,244,True
TX202204,2022-01-20,2022-04-20,55,0,0,202204,55,True
TX202205,2022-02-17,2022-05-18,61,0,0,202205,61,True
TX202206,2021-06-17,2022-06-15,244,5,5,202206,244,True
TX202207,2022-04-21,2022-07-20,63,0,0,202207,63,True
TX202208,2022-05-19,2022-08-17,64,0,0,202208,64,True
TX202209,2021-09-16,2022-09-21,248,9,9,202209,248,True
TX202210,2022-07-21,2022-10-19,63,0,0,202210,63,True
TX202211,2022-08-18,2022-11-16,63,0,0,202211,63,True
TX202212,2021-12-16,2022-12-21,250,0,0,202212,250,True
TX202301,2022-10-20,2023-01-30,64,0,0,202301,64,True
TX202302,2022-11-17,2023-02-15,56,0,0,202302,56,True
TX202303,2022-03-17,2023-03-15,243,1,1,202303,243,True
TX202304,2023-01-31,2023-04-19,52,0,0,202304,52,True
TX202305,2023-02-16,2023-05-17,59,0,0,202305,59,True
TX202306,2022-06-16,2023-06-21,248,0,0,202306,248,True
TX202307,2023-04-20,2023-07-19,62,0,0,202307,62,True
TX202308,2023-05-18,2023-08-16,62,0,0,202308,62,True
TX202309,2022-09-22,2023-09-20,241,1,1,202309,241,True
TX202310,2023-07-20,2023-10-18,61,0,0,202310,61,True
TX202311,2023-08-17,2023-11-15,62,0,0,202311,62,True
TX202312,2022-12-22,2023-12-20,239,1,1,202312,239,True
TX202401,2023-10-19,2024-01-17,64,0,0,202401,64,True
TX202402,2023-11-16,2024-02-21,62,0,0,202402,62,True
TX202403,2023-03-16,2024-03-20,246,3,3,202403,246,True
TX202404,2024-01-18,2024-04-17,55,0,0,202404,55,True
TX202405,2024-02-22,2024-05-15,56,0,0,202405,56,True
TX202406,2023-06-26,2024-06-19,241,3,3,202406,241,True
TX202407,2024-04-18,2024-07-17,63,0,0,202407,63,True
TX202408,2024-05-16,2024-08-21,67,0,0,202408,67,True
TX202409,2023-09-21,2024-09-18,241,0,0,202409,241,True
TX202410,2024-07-18,2024-10-16,59,0,0,202410,59,True
TX202411,2024-08-22,2024-11-20,60,0,0,202411,60,True
TX202412,2023-12-21,2024-12-18,240,0,0,202412,240,True
TX202501,2024-10-17,2025-01-15,63,0,0,202501,63,True
TX202502,2024-11-21,2025-02-19,57,0,0,202502,57,True
TX202503,2024-03-21,2025-03-19,240,5,5,202503,240,True
TX202504,2025-01-16,2025-04-16,55,0,0,202504,55,True
TX202505,2025-02-20,2025-05-21,61,0,0,202505,61,True
TX202506,2024-06-20,2025-06-18,240,3,3,202506,240,True
TX202507,2025-04-17,2025-07-16,63,0,0,202507,63,True
TX202508,2025-05-22,2025-08-20,64,0,0,202508,64,True
TX202509,2024-09-19,2025-09-17,243,11,11,202509,243,True
TX202510,2025-07-17,2025-10-15,62,0,0,202510,62,True
TX202511,2025-08-21,2025-11-19,61,0,0,202511,61,True
TX202512,2024-12-19,2025-12-17,243,12,12,202512,243,True
TX202601,2025-10-16,2026-01-21,67,0,0,202601,67,True
TX202602,2025-11-20,2026-02-23,59,0,0,202602,59,True
TX202603,2025-03-20,2026-03-18,242,8,8,202603,242,True
TX202604,2026-01-22,2026-04-15,50,0,0,202604,50,True
TX202605,2026-02-24,2026-05-20,58,0,0,202605,58,True
TX202606,2025-06-19,2026-06-17,243,21,21,202606,243,True
TX202607,2026-04-16,2026-07-15,62,0,0,202607,62,True
TX202608,2026-05-21,2026-08-19,63,0,0,202608,63,True
TX202609,2025-09-18,2026-09-16,241,20,20,202609,241,True
TX202610,2026-07-16,2026-10-05,56,0,0,202610,56,False
TX202611,2026-08-20,2026-10-05,31,0,0,202611,31,False
TX202612,2025-12-18,2026-10-05,191,4,4,202612,191,False
TX202703,2026-03-19,2026-10-05,136,29,29,202703,136,False
TX202706,2026-06-18,2026-10-05,74,8,8,202706,74,False
TX202709,2026-09-17,2026-10-05,11,0,0,202709,11,False
