code,year,net_pnl,annual_return,series
V04,2018,-144387.40399999998,-0.014438740399999928,strategy
V04,2019,439590.056,0.04460301698327873,strategy
V04,2020,639655.436,0.062131407959777896,strategy
V04,2021,194362.62399999998,0.017774590436916204,strategy
V04,2022,-46253.487999999954,-0.00415604013946147,strategy
V04,2023,192430.69600000003,0.017362741593541342,strategy
V04,2024,-21064.236000000004,-0.0018681589908803309,strategy
V04,2025,771096.64,0.06851553025269319,strategy
V04,2026,1252106.2519999999,0.10412153397131108,strategy
,2018,-247015.0,-0.024701500000000043,benchmark
,2019,548965.36,0.05628690703410322,benchmark
,2020,733649.004,0.07121457378095974,benchmark
,2021,884182.452,0.08012092708660212,benchmark
,2022,-624106.02,-0.052358845961615,benchmark
,2023,811432.452,0.07183567115898848,benchmark
,2024,999143.052,0.08252532574531579,benchmark
,2025,1268113.3000000003,0.09675636999269188,benchmark
,2026,3893988.0640000002,0.2708981003584672,benchmark
