date,contract,side,raw_price,execution_price,fee,tax,slippage_cost,reason,trade_id
2018-08-31,TX201809,buy,10975.0,10977.0,50.0,43.908,400.0,initial_entry,1
2018-09-18,TX201809,sell,10781.0,10779.0,50.0,43.11600000000001,400.0,roll_exit,1
2018-09-18,TX201810,buy,10779.0,10781.0,50.0,43.124,400.0,roll_entry,2
2018-10-16,TX201810,sell,9951.0,9949.0,50.0,39.79600000000001,400.0,roll_exit,2
2018-10-16,TX201811,buy,9909.0,9911.0,50.0,39.644000000000005,400.0,roll_entry,3
2018-11-20,TX201811,sell,9732.0,9730.0,50.0,38.92,400.0,roll_exit,3
2018-11-20,TX201812,buy,9711.0,9713.0,50.0,38.852000000000004,400.0,roll_entry,4
2018-12-18,TX201812,sell,9718.0,9716.0,50.0,38.864000000000004,400.0,roll_exit,4
2018-12-18,TX201901,buy,9692.0,9694.0,50.0,38.776,400.0,roll_entry,5
2019-01-15,TX201901,sell,9793.0,9791.0,50.0,39.164,400.0,roll_exit,5
2019-01-15,TX201902,buy,9794.0,9796.0,50.0,39.184000000000005,400.0,roll_entry,6
2019-02-19,TX201902,sell,10142.0,10140.0,50.0,40.56,400.0,roll_exit,6
2019-02-19,TX201903,buy,10145.0,10147.0,50.0,40.588,400.0,roll_entry,7
2019-03-19,TX201903,sell,10501.0,10499.0,50.0,41.996,400.0,roll_exit,7
2019-03-19,TX201904,buy,10495.0,10497.0,50.0,41.98800000000001,400.0,roll_entry,8
2019-04-16,TX201904,sell,10931.0,10929.0,50.0,43.716,400.0,roll_exit,8
2019-04-16,TX201905,buy,10923.0,10925.0,50.0,43.7,400.0,roll_entry,9
2019-05-14,TX201905,sell,10532.0,10530.0,50.0,42.120000000000005,400.0,roll_exit,9
2019-05-14,TX201906,buy,10525.0,10527.0,50.0,42.108000000000004,400.0,roll_entry,10
2019-06-18,TX201906,sell,10553.0,10551.0,50.0,42.204,400.0,roll_exit,10
2019-06-18,TX201907,buy,10338.0,10340.0,50.0,41.36000000000001,400.0,roll_entry,11
2019-07-16,TX201907,sell,10876.0,10874.0,50.0,43.496,400.0,roll_exit,11
2019-07-16,TX201908,buy,10727.0,10729.0,50.0,42.916000000000004,400.0,roll_entry,12
2019-08-20,TX201908,sell,10527.0,10525.0,50.0,42.1,400.0,roll_exit,12
2019-08-20,TX201909,buy,10487.0,10489.0,50.0,41.956,400.0,roll_entry,13
2019-09-17,TX201909,sell,10863.0,10861.0,50.0,43.444,400.0,roll_exit,13
2019-09-17,TX201910,buy,10839.0,10841.0,50.0,43.364000000000004,400.0,roll_entry,14
2019-10-15,TX201910,sell,11108.0,11106.0,50.0,44.42400000000001,400.0,roll_exit,14
2019-10-15,TX201911,buy,11087.0,11089.0,50.0,44.356,400.0,roll_entry,15
2019-11-19,TX201911,sell,11644.0,11642.0,50.0,46.568000000000005,400.0,roll_exit,15
2019-11-19,TX201912,buy,11640.0,11642.0,50.0,46.568000000000005,400.0,roll_entry,16
2019-12-17,TX201912,sell,12100.0,12098.0,50.0,48.392,400.0,roll_exit,16
2019-12-17,TX202001,buy,12090.0,12092.0,50.0,48.368,400.0,roll_entry,17
2020-01-14,TX202001,sell,12181.0,12179.0,50.0,48.716,400.0,roll_exit,17
2020-01-14,TX202002,buy,12155.0,12157.0,50.0,48.62800000000001,400.0,roll_entry,18
2020-02-18,TX202002,sell,11640.0,11638.0,50.0,46.55200000000001,400.0,roll_exit,18
2020-02-18,TX202003,buy,11629.0,11631.0,50.0,46.524,400.0,roll_entry,19
2020-03-17,TX202003,sell,9363.0,9361.0,50.0,37.444,400.0,roll_exit,19
2020-03-17,TX202004,buy,9190.0,9192.0,50.0,36.768,400.0,roll_entry,20
2020-04-14,TX202004,sell,10346.0,10344.0,50.0,41.376000000000005,400.0,roll_exit,20
2020-04-14,TX202005,buy,10261.0,10263.0,50.0,41.05200000000001,400.0,roll_entry,21
2020-05-19,TX202005,sell,10872.0,10870.0,50.0,43.480000000000004,400.0,roll_exit,21
2020-05-19,TX202006,buy,10809.0,10811.0,50.0,43.24400000000001,400.0,roll_entry,22
2020-06-16,TX202006,sell,11526.0,11524.0,50.0,46.096000000000004,400.0,roll_exit,22
2020-06-16,TX202007,buy,11329.0,11331.0,50.0,45.324000000000005,400.0,roll_entry,23
2020-07-14,TX202007,sell,12188.0,12186.0,50.0,48.74400000000001,400.0,roll_exit,23
2020-07-14,TX202008,buy,12033.0,12035.0,50.0,48.14,400.0,roll_entry,24
2020-08-18,TX202008,sell,12875.0,12873.0,50.0,51.492000000000004,400.0,roll_exit,24
2020-08-18,TX202009,buy,12831.0,12833.0,50.0,51.332,400.0,roll_entry,25
2020-09-15,TX202009,sell,12840.0,12838.0,50.0,51.352000000000004,400.0,roll_exit,25
2020-09-15,TX202010,buy,12779.0,12781.0,50.0,51.124,400.0,roll_entry,26
2020-10-20,TX202010,sell,12856.0,12854.0,50.0,51.416000000000004,400.0,roll_exit,26
2020-10-20,TX202011,buy,12778.0,12780.0,50.0,51.120000000000005,400.0,roll_entry,27
2020-11-17,TX202011,sell,13625.0,13623.0,50.0,54.492000000000004,400.0,roll_exit,27
2020-11-17,TX202012,buy,13581.0,13583.0,50.0,54.33200000000001,400.0,roll_entry,28
2020-12-15,TX202012,sell,14085.0,14083.0,50.0,56.33200000000001,400.0,roll_exit,28
2020-12-15,TX202101,buy,13977.0,13979.0,50.0,55.916000000000004,400.0,roll_entry,29
2021-01-19,TX202101,sell,15888.0,15886.0,50.0,63.544000000000004,400.0,roll_exit,29
2021-01-19,TX202102,buy,15847.0,15849.0,50.0,63.39600000000001,400.0,roll_entry,30
2021-02-05,TX202102,sell,15804.0,15802.0,50.0,63.208000000000006,400.0,roll_exit,30
2021-02-05,TX202103,buy,15716.0,15718.0,50.0,62.87200000000001,400.0,roll_entry,31
2021-03-16,TX202103,sell,16305.0,16303.0,50.0,65.212,400.0,roll_exit,31
2021-03-16,TX202104,buy,16240.0,16242.0,50.0,64.968,400.0,roll_entry,32
2021-04-20,TX202104,sell,17319.0,17317.0,50.0,69.268,400.0,roll_exit,32
2021-04-20,TX202105,buy,17256.0,17258.0,50.0,69.03200000000001,400.0,roll_entry,33
2021-05-18,TX202105,sell,16147.0,16145.0,50.0,64.58,400.0,roll_exit,33
2021-05-18,TX202106,buy,16082.0,16084.0,50.0,64.336,400.0,roll_entry,34
2021-06-15,TX202106,sell,17398.0,17396.0,50.0,69.584,400.0,roll_exit,34
2021-06-15,TX202107,buy,17272.0,17274.0,50.0,69.096,400.0,roll_entry,35
2021-07-20,TX202107,sell,17558.0,17556.0,50.0,70.224,400.0,roll_exit,35
2021-07-20,TX202108,buy,17341.0,17343.0,50.0,69.372,400.0,roll_entry,36
2021-08-17,TX202108,sell,16580.0,16578.0,50.0,66.31200000000001,400.0,roll_exit,36
2021-08-17,TX202109,buy,16469.0,16471.0,50.0,65.884,400.0,roll_entry,37
2021-09-14,TX202109,sell,17461.0,17459.0,50.0,69.83600000000001,400.0,roll_exit,37
2021-09-14,TX202110,buy,17401.0,17403.0,50.0,69.61200000000001,400.0,roll_entry,38
2021-10-19,TX202110,sell,16902.0,16900.0,50.0,67.60000000000001,400.0,roll_exit,38
2021-10-19,TX202111,buy,16872.0,16874.0,50.0,67.49600000000001,400.0,roll_entry,39
2021-11-16,TX202111,sell,17701.0,17699.0,50.0,70.796,400.0,roll_exit,39
2021-11-16,TX202112,buy,17680.0,17682.0,50.0,70.72800000000001,400.0,roll_entry,40
2021-12-14,TX202112,sell,17605.0,17603.0,50.0,70.412,400.0,roll_exit,40
2021-12-14,TX202201,buy,17543.0,17545.0,50.0,70.18,400.0,roll_entry,41
2022-01-18,TX202201,sell,18349.0,18347.0,50.0,73.388,400.0,roll_exit,41
2022-01-18,TX202202,buy,18314.0,18316.0,50.0,73.26400000000001,400.0,roll_entry,42
2022-02-15,TX202202,sell,17953.0,17951.0,50.0,71.804,400.0,roll_exit,42
2022-02-15,TX202203,buy,17922.0,17924.0,50.0,71.69600000000001,400.0,roll_entry,43
2022-03-15,TX202203,sell,16882.0,16880.0,50.0,67.52000000000001,400.0,roll_exit,43
2022-03-15,TX202204,buy,16825.0,16827.0,50.0,67.308,400.0,roll_entry,44
2022-04-19,TX202204,sell,17000.0,16998.0,50.0,67.992,400.0,roll_exit,44
2022-04-19,TX202205,buy,16966.0,16968.0,50.0,67.872,400.0,roll_entry,45
2022-05-17,TX202205,sell,16075.0,16073.0,50.0,64.292,400.0,roll_exit,45
2022-05-17,TX202206,buy,16025.0,16027.0,50.0,64.108,400.0,roll_entry,46
2022-06-14,TX202206,sell,16055.0,16053.0,50.0,64.212,400.0,roll_exit,46
2022-06-14,TX202207,buy,15602.0,15604.0,50.0,62.416000000000004,400.0,roll_entry,47
2022-07-19,TX202207,sell,14678.0,14676.0,50.0,58.70400000000001,400.0,roll_exit,47
2022-07-19,TX202208,buy,14528.0,14530.0,50.0,58.120000000000005,400.0,roll_entry,48
2022-08-16,TX202208,sell,15422.0,15420.0,50.0,61.68000000000001,400.0,roll_exit,48
2022-08-16,TX202209,buy,15366.0,15368.0,50.0,61.47200000000001,400.0,roll_entry,49
2022-09-20,TX202209,sell,14561.0,14559.0,50.0,58.236000000000004,400.0,roll_exit,49
2022-09-20,TX202210,buy,14528.0,14530.0,50.0,58.120000000000005,400.0,roll_entry,50
2022-10-18,TX202210,sell,13103.0,13101.0,50.0,52.404,400.0,roll_exit,50
2022-10-18,TX202211,buy,13077.0,13079.0,50.0,52.316,400.0,roll_entry,51
2022-11-15,TX202211,sell,14530.0,14528.0,50.0,58.112,400.0,roll_exit,51
2022-11-15,TX202212,buy,14465.0,14467.0,50.0,57.868,400.0,roll_entry,52
2022-12-20,TX202212,sell,14154.0,14152.0,50.0,56.608000000000004,400.0,roll_exit,52
2022-12-20,TX202301,buy,14125.0,14127.0,50.0,56.508,400.0,roll_entry,53
2023-01-17,TX202301,sell,14925.0,14923.0,50.0,59.69200000000001,400.0,roll_exit,53
2023-01-17,TX202302,buy,14910.0,14912.0,50.0,59.648,400.0,roll_entry,54
2023-02-14,TX202302,sell,15661.0,15659.0,50.0,62.636,400.0,roll_exit,54
2023-02-14,TX202303,buy,15645.0,15647.0,50.0,62.58800000000001,400.0,roll_entry,55
2023-03-14,TX202303,sell,15352.0,15350.0,50.0,61.400000000000006,400.0,roll_exit,55
2023-03-14,TX202304,buy,15286.0,15288.0,50.0,61.15200000000001,400.0,roll_entry,56
2023-04-18,TX202304,sell,15890.0,15888.0,50.0,63.55200000000001,400.0,roll_exit,56
2023-04-18,TX202305,buy,15871.0,15873.0,50.0,63.492000000000004,400.0,roll_entry,57
2023-05-16,TX202305,sell,15690.0,15688.0,50.0,62.752,400.0,roll_exit,57
2023-05-16,TX202306,buy,15632.0,15634.0,50.0,62.53600000000001,400.0,roll_entry,58
2023-06-20,TX202306,sell,17189.0,17187.0,50.0,68.748,400.0,roll_exit,58
2023-06-20,TX202307,buy,17009.0,17011.0,50.0,68.04400000000001,400.0,roll_entry,59
2023-07-18,TX202307,sell,17225.0,17223.0,50.0,68.89200000000001,400.0,roll_exit,59
2023-07-18,TX202308,buy,17172.0,17174.0,50.0,68.69600000000001,400.0,roll_entry,60
2023-08-15,TX202308,sell,16422.0,16420.0,50.0,65.68,400.0,roll_exit,60
2023-08-15,TX202309,buy,16399.0,16401.0,50.0,65.604,400.0,roll_entry,61
2023-09-19,TX202309,sell,16609.0,16607.0,50.0,66.42800000000001,400.0,roll_exit,61
2023-09-19,TX202310,buy,16625.0,16627.0,50.0,66.50800000000001,400.0,roll_entry,62
2023-10-17,TX202310,sell,16650.0,16648.0,50.0,66.592,400.0,roll_exit,62
2023-10-17,TX202311,buy,16672.0,16674.0,50.0,66.69600000000001,400.0,roll_entry,63
2023-11-14,TX202311,sell,16949.0,16947.0,50.0,67.78800000000001,400.0,roll_exit,63
2023-11-14,TX202312,buy,16968.0,16970.0,50.0,67.88000000000001,400.0,roll_entry,64
2023-12-19,TX202312,sell,17574.0,17572.0,50.0,70.28800000000001,400.0,roll_exit,64
2023-12-19,TX202401,buy,17562.0,17564.0,50.0,70.256,400.0,roll_entry,65
2024-01-16,TX202401,sell,17333.0,17331.0,50.0,69.32400000000001,400.0,roll_exit,65
2024-01-16,TX202402,buy,17361.0,17363.0,50.0,69.45200000000001,400.0,roll_entry,66
2024-02-20,TX202402,sell,18753.0,18751.0,50.0,75.004,400.0,roll_exit,66
2024-02-20,TX202403,buy,18762.0,18764.0,50.0,75.05600000000001,400.0,roll_entry,67
2024-03-19,TX202403,sell,19867.0,19865.0,50.0,79.46000000000001,400.0,roll_exit,67
2024-03-19,TX202404,buy,19884.0,19886.0,50.0,79.54400000000001,400.0,roll_entry,68
2024-04-16,TX202404,sell,19953.0,19951.0,50.0,79.804,400.0,roll_exit,68
2024-04-16,TX202405,buy,19981.0,19983.0,50.0,79.932,400.0,roll_entry,69
2024-05-14,TX202405,sell,21013.0,21011.0,50.0,84.04400000000001,400.0,roll_exit,69
2024-05-14,TX202406,buy,21014.0,21016.0,50.0,84.06400000000001,400.0,roll_entry,70
2024-06-18,TX202406,sell,22786.0,22784.0,50.0,91.13600000000001,400.0,roll_exit,70
2024-06-18,TX202407,buy,22668.0,22670.0,50.0,90.68,400.0,roll_entry,71
2024-07-16,TX202407,sell,24002.0,24000.0,50.0,96.00000000000001,400.0,roll_exit,71
2024-07-16,TX202408,buy,24000.0,24002.0,50.0,96.00800000000001,400.0,roll_entry,72
2024-08-20,TX202408,sell,22436.0,22434.0,50.0,89.736,400.0,roll_exit,72
2024-08-20,TX202409,buy,22403.0,22405.0,50.0,89.62,400.0,roll_entry,73
2024-09-16,TX202409,sell,21813.0,21811.0,50.0,87.24400000000001,400.0,roll_exit,73
2024-09-16,TX202410,buy,21828.0,21830.0,50.0,87.32000000000001,400.0,roll_entry,74
2024-10-15,TX202410,sell,23225.0,23223.0,50.0,92.89200000000001,400.0,roll_exit,74
2024-10-15,TX202411,buy,23285.0,23287.0,50.0,93.14800000000001,400.0,roll_entry,75
2024-11-19,TX202411,sell,22850.0,22848.0,50.0,91.39200000000001,400.0,roll_exit,75
2024-11-19,TX202412,buy,22894.0,22896.0,50.0,91.584,400.0,roll_entry,76
2024-12-17,TX202412,sell,23031.0,23029.0,50.0,92.11600000000001,400.0,roll_exit,76
2024-12-17,TX202501,buy,23095.0,23097.0,50.0,92.388,400.0,roll_entry,77
2025-01-14,TX202501,sell,22750.0,22748.0,50.0,90.992,400.0,roll_exit,77
2025-01-14,TX202502,buy,22816.0,22818.0,50.0,91.272,400.0,roll_entry,78
2025-02-18,TX202502,sell,23649.0,23647.0,50.0,94.58800000000001,400.0,roll_exit,78
2025-02-18,TX202503,buy,23652.0,23654.0,50.0,94.61600000000001,400.0,roll_entry,79
2025-03-18,TX202503,sell,22230.0,22228.0,50.0,88.912,400.0,roll_exit,79
2025-03-18,TX202504,buy,22259.0,22261.0,50.0,89.04400000000001,400.0,roll_entry,80
2025-04-15,TX202504,sell,19798.0,19796.0,50.0,79.18400000000001,400.0,roll_exit,80
2025-04-15,TX202505,buy,19779.0,19781.0,50.0,79.12400000000001,400.0,roll_entry,81
2025-05-20,TX202505,sell,21539.0,21537.0,50.0,86.14800000000001,400.0,roll_exit,81
2025-05-20,TX202506,buy,21451.0,21453.0,50.0,85.81200000000001,400.0,roll_entry,82
2025-06-17,TX202506,sell,22159.0,22157.0,50.0,88.62800000000001,400.0,roll_exit,82
2025-06-17,TX202507,buy,21784.0,21786.0,50.0,87.144,400.0,roll_entry,83
2025-07-15,TX202507,sell,22810.0,22808.0,50.0,91.23200000000001,400.0,roll_exit,83
2025-07-15,TX202508,buy,22675.0,22677.0,50.0,90.70800000000001,400.0,roll_entry,84
2025-08-19,TX202508,sell,24342.0,24340.0,50.0,97.36000000000001,400.0,roll_exit,84
2025-08-19,TX202509,buy,24284.0,24286.0,50.0,97.144,400.0,roll_entry,85
2025-09-16,TX202509,sell,25629.0,25627.0,50.0,102.50800000000001,400.0,roll_exit,85
2025-09-16,TX202510,buy,25639.0,25641.0,50.0,102.56400000000001,400.0,roll_entry,86
2025-10-14,TX202510,sell,26718.0,26716.0,50.0,106.864,400.0,roll_exit,86
2025-10-14,TX202511,buy,26765.0,26767.0,50.0,107.06800000000001,400.0,roll_entry,87
2025-11-18,TX202511,sell,26805.0,26803.0,50.0,107.212,400.0,roll_exit,87
2025-11-18,TX202512,buy,26805.0,26807.0,50.0,107.22800000000001,400.0,roll_entry,88
2025-12-16,TX202512,sell,27624.0,27622.0,50.0,110.48800000000001,400.0,roll_exit,88
2025-12-16,TX202601,buy,27713.0,27715.0,50.0,110.86000000000001,400.0,roll_entry,89
2026-01-20,TX202601,sell,31672.0,31670.0,50.0,126.68,400.0,roll_exit,89
2026-01-20,TX202602,buy,31800.0,31802.0,50.0,127.20800000000001,400.0,roll_entry,90
2026-02-11,TX202602,sell,33691.0,33689.0,50.0,134.756,400.0,roll_exit,90
2026-02-11,TX202603,buy,33849.0,33851.0,50.0,135.40400000000002,400.0,roll_entry,91
2026-03-17,TX202603,sell,33795.0,33793.0,50.0,135.172,400.0,roll_exit,91
2026-03-17,TX202604,buy,33910.0,33912.0,50.0,135.64800000000002,400.0,roll_entry,92
2026-04-14,TX202604,sell,36381.0,36379.0,50.0,145.51600000000002,400.0,roll_exit,92
2026-04-14,TX202605,buy,36639.0,36641.0,50.0,146.56400000000002,400.0,roll_entry,93
2026-05-19,TX202605,sell,40248.0,40246.0,50.0,160.984,400.0,roll_exit,93
2026-05-19,TX202606,buy,40383.0,40385.0,50.0,161.54000000000002,400.0,roll_entry,94
2026-06-16,TX202606,sell,45772.0,45770.0,50.0,183.08,400.0,roll_exit,94
2026-06-16,TX202607,buy,45849.0,45851.0,50.0,183.40400000000002,400.0,roll_entry,95
2026-07-14,TX202607,sell,44815.0,44813.0,50.0,179.252,400.0,roll_exit,95
2026-07-14,TX202608,buy,45135.0,45137.0,50.0,180.548,400.0,roll_entry,96
2026-08-18,TX202608,sell,45085.0,45083.0,50.0,180.33200000000002,400.0,roll_exit,96
2026-08-18,TX202609,buy,45166.0,45168.0,50.0,180.67200000000003,400.0,roll_entry,97
2026-09-15,TX202609,sell,45607.0,45605.0,50.0,182.42000000000002,400.0,roll_exit,97
2026-09-15,TX202610,buy,45740.0,45742.0,50.0,182.96800000000002,400.0,roll_entry,98
2026-10-05,TX202610,sell,49949.0,49947.0,50.0,199.788,400.0,final_exit,98
