trade_id,contract,entry_date,entry_raw,entry,fee,tax,slippage_cost,exit_date,exit_raw,exit,gross_pnl,pnl
1,TX201809,2018-08-31,10975.0,10977.0,100.0,87.024,800.0,2018-09-18,10781.0,10779.0,-38800.0,-39787.024
2,TX201810,2018-09-18,10779.0,10781.0,100.0,82.92000000000002,800.0,2018-10-16,9951.0,9949.0,-165600.0,-166582.92
3,TX201811,2018-10-16,9909.0,9911.0,100.0,78.56400000000001,800.0,2018-11-20,9732.0,9730.0,-35400.0,-36378.564
4,TX201812,2018-11-20,9711.0,9713.0,100.0,77.71600000000001,800.0,2018-12-18,9718.0,9716.0,1400.0,422.2840000000001
5,TX201901,2018-12-18,9692.0,9694.0,100.0,77.94,800.0,2019-01-15,9793.0,9791.0,20200.0,19222.06
6,TX201902,2019-01-15,9794.0,9796.0,100.0,79.744,800.0,2019-02-19,10142.0,10140.0,69600.0,68620.256
7,TX201903,2019-02-19,10145.0,10147.0,100.0,82.584,800.0,2019-03-19,10501.0,10499.0,71200.0,70217.416
8,TX201904,2019-03-19,10495.0,10497.0,100.0,85.70400000000001,800.0,2019-04-16,10931.0,10929.0,87200.0,86214.296
9,TX201905,2019-04-16,10923.0,10925.0,100.0,85.82000000000001,800.0,2019-05-14,10532.0,10530.0,-78200.0,-79185.82
10,TX201906,2019-05-14,10525.0,10527.0,100.0,84.31200000000001,800.0,2019-06-18,10553.0,10551.0,5600.0,4615.688
11,TX201907,2019-06-18,10338.0,10340.0,100.0,84.85600000000001,800.0,2019-07-16,10876.0,10874.0,107600.0,106615.144
12,TX201908,2019-07-16,10727.0,10729.0,100.0,85.016,800.0,2019-08-20,10527.0,10525.0,-40000.0,-40985.016
13,TX201909,2019-08-20,10487.0,10489.0,100.0,85.4,800.0,2019-09-17,10863.0,10861.0,75200.0,74214.6
14,TX201910,2019-09-17,10839.0,10841.0,100.0,87.78800000000001,800.0,2019-10-15,11108.0,11106.0,53800.0,52812.212
15,TX201911,2019-10-15,11087.0,11089.0,100.0,90.924,800.0,2019-11-19,11644.0,11642.0,111400.0,110409.076
16,TX201912,2019-11-19,11640.0,11642.0,100.0,94.96000000000001,800.0,2019-12-17,12100.0,12098.0,92000.0,91005.04
17,TX202001,2019-12-17,12090.0,12092.0,100.0,97.084,800.0,2020-01-14,12181.0,12179.0,18200.0,17202.916
18,TX202002,2020-01-14,12155.0,12157.0,100.0,95.18,800.0,2020-02-18,11640.0,11638.0,-103000.0,-103995.18
19,TX202003,2020-02-18,11629.0,11631.0,100.0,83.968,800.0,2020-03-17,9363.0,9361.0,-453200.0,-454183.968
20,TX202004,2020-03-17,9190.0,9192.0,100.0,78.144,800.0,2020-04-14,10346.0,10344.0,231200.0,230221.856
21,TX202005,2020-04-14,10261.0,10263.0,100.0,84.53200000000001,800.0,2020-05-19,10872.0,10870.0,122200.0,121215.468
22,TX202006,2020-05-19,10809.0,10811.0,100.0,89.34,800.0,2020-06-16,11526.0,11524.0,143400.0,142410.66
23,TX202007,2020-06-16,11329.0,11331.0,100.0,94.06800000000001,800.0,2020-07-14,12188.0,12186.0,171800.0,170805.932
24,TX202008,2020-07-14,12033.0,12035.0,100.0,99.632,800.0,2020-08-18,12875.0,12873.0,168400.0,167400.368
25,TX202009,2020-08-18,12831.0,12833.0,100.0,102.684,800.0,2020-09-15,12840.0,12838.0,1800.0,797.316
26,TX202010,2020-09-15,12779.0,12781.0,100.0,102.54,800.0,2020-10-20,12856.0,12854.0,15400.0,14397.46
27,TX202011,2020-10-20,12778.0,12780.0,100.0,105.61200000000001,800.0,2020-11-17,13625.0,13623.0,169400.0,168394.388
28,TX202012,2020-11-17,13581.0,13583.0,100.0,110.66400000000002,800.0,2020-12-15,14085.0,14083.0,100800.0,99789.336
29,TX202101,2020-12-15,13977.0,13979.0,100.0,119.46000000000001,800.0,2021-01-19,15888.0,15886.0,382200.0,381180.54
30,TX202102,2021-01-19,15847.0,15849.0,100.0,126.60400000000001,800.0,2021-02-05,15804.0,15802.0,-8600.0,-9626.604
31,TX202103,2021-02-05,15716.0,15718.0,100.0,128.084,800.0,2021-03-16,16305.0,16303.0,117800.0,116771.916
32,TX202104,2021-03-16,16240.0,16242.0,100.0,134.236,800.0,2021-04-20,17319.0,17317.0,215800.0,214765.764
33,TX202105,2021-04-20,17256.0,17258.0,100.0,133.61200000000002,800.0,2021-05-18,16147.0,16145.0,-221800.0,-222833.612
34,TX202106,2021-05-18,16082.0,16084.0,100.0,133.92000000000002,800.0,2021-06-15,17398.0,17396.0,263200.0,262166.08
35,TX202107,2021-06-15,17272.0,17274.0,100.0,139.32,800.0,2021-07-20,17558.0,17556.0,57200.0,56160.68
36,TX202108,2021-07-20,17341.0,17343.0,100.0,135.68400000000003,800.0,2021-08-17,16580.0,16578.0,-152200.0,-153235.684
37,TX202109,2021-08-17,16469.0,16471.0,100.0,135.72000000000003,800.0,2021-09-14,17461.0,17459.0,198400.0,197364.28
38,TX202110,2021-09-14,17401.0,17403.0,100.0,137.21200000000002,800.0,2021-10-19,16902.0,16900.0,-99800.0,-100837.212
39,TX202111,2021-10-19,16872.0,16874.0,100.0,138.29200000000003,800.0,2021-11-16,17701.0,17699.0,165800.0,164761.708
40,TX202112,2021-11-16,17680.0,17682.0,100.0,141.14000000000001,800.0,2021-12-14,17605.0,17603.0,-15000.0,-16041.14
41,TX202201,2021-12-14,17543.0,17545.0,100.0,143.568,800.0,2022-01-18,18349.0,18347.0,161200.0,160156.432
42,TX202202,2022-01-18,18314.0,18316.0,100.0,145.068,800.0,2022-02-15,17953.0,17951.0,-72200.0,-73245.068
43,TX202203,2022-02-15,17922.0,17924.0,100.0,139.216,800.0,2022-03-15,16882.0,16880.0,-208000.0,-209039.216
44,TX202204,2022-03-15,16825.0,16827.0,100.0,135.3,800.0,2022-04-19,17000.0,16998.0,35000.0,33964.7
45,TX202205,2022-04-19,16966.0,16968.0,100.0,132.164,800.0,2022-05-17,16075.0,16073.0,-178200.0,-179232.164
46,TX202206,2022-05-17,16025.0,16027.0,100.0,128.32,800.0,2022-06-14,16055.0,16053.0,6000.0,4971.68
47,TX202207,2022-06-14,15602.0,15604.0,100.0,121.12,800.0,2022-07-19,14678.0,14676.0,-184800.0,-185821.12
48,TX202208,2022-07-19,14528.0,14530.0,100.0,119.80000000000001,800.0,2022-08-16,15422.0,15420.0,178800.0,177780.2
49,TX202209,2022-08-16,15366.0,15368.0,100.0,119.70800000000001,800.0,2022-09-20,14561.0,14559.0,-161000.0,-162019.708
50,TX202210,2022-09-20,14528.0,14530.0,100.0,110.524,800.0,2022-10-18,13103.0,13101.0,-285000.0,-286010.524
51,TX202211,2022-10-18,13077.0,13079.0,100.0,110.428,800.0,2022-11-15,14530.0,14528.0,290600.0,289589.572
52,TX202212,2022-11-15,14465.0,14467.0,100.0,114.476,800.0,2022-12-20,14154.0,14152.0,-62200.0,-63214.476
53,TX202301,2022-12-20,14125.0,14127.0,100.0,116.20000000000002,800.0,2023-01-17,14925.0,14923.0,160000.0,158983.8
54,TX202302,2023-01-17,14910.0,14912.0,100.0,122.284,800.0,2023-02-14,15661.0,15659.0,150200.0,149177.716
55,TX202303,2023-02-14,15645.0,15647.0,100.0,123.98800000000001,800.0,2023-03-14,15352.0,15350.0,-58600.0,-59623.988
56,TX202304,2023-03-14,15286.0,15288.0,100.0,124.70400000000001,800.0,2023-04-18,15890.0,15888.0,120800.0,119775.296
57,TX202305,2023-04-18,15871.0,15873.0,100.0,126.244,800.0,2023-05-16,15690.0,15688.0,-36200.0,-37226.244
58,TX202306,2023-05-16,15632.0,15634.0,100.0,131.28400000000002,800.0,2023-06-20,17189.0,17187.0,311400.0,310368.716
59,TX202307,2023-06-20,17009.0,17011.0,100.0,136.93600000000004,800.0,2023-07-18,17225.0,17223.0,43200.0,42163.064
60,TX202308,2023-07-18,17172.0,17174.0,100.0,134.37600000000003,800.0,2023-08-15,16422.0,16420.0,-150000.0,-151034.376
61,TX202309,2023-08-15,16399.0,16401.0,100.0,132.032,800.0,2023-09-19,16609.0,16607.0,42000.0,40967.968
62,TX202310,2023-09-19,16625.0,16627.0,100.0,133.10000000000002,800.0,2023-10-17,16650.0,16648.0,5000.0,3966.8999999999996
63,TX202311,2023-10-17,16672.0,16674.0,100.0,134.48400000000004,800.0,2023-11-14,16949.0,16947.0,55400.0,54365.516
64,TX202312,2023-11-14,16968.0,16970.0,100.0,138.168,800.0,2023-12-19,17574.0,17572.0,121200.0,120161.832
65,TX202401,2023-12-19,17562.0,17564.0,100.0,139.58,800.0,2024-01-16,17333.0,17331.0,-45800.0,-46839.58
66,TX202402,2024-01-16,17361.0,17363.0,100.0,144.45600000000002,800.0,2024-02-20,18753.0,18751.0,278400.0,277355.544
67,TX202403,2024-02-20,18762.0,18764.0,100.0,154.51600000000002,800.0,2024-03-19,19867.0,19865.0,221000.0,219945.484
68,TX202404,2024-03-19,19884.0,19886.0,100.0,159.348,800.0,2024-04-16,19953.0,19951.0,13800.0,12740.652
69,TX202405,2024-04-16,19981.0,19983.0,100.0,163.976,800.0,2024-05-14,21013.0,21011.0,206400.0,205336.024
70,TX202406,2024-05-14,21014.0,21016.0,100.0,175.20000000000002,800.0,2024-06-18,22786.0,22784.0,354400.0,353324.8
71,TX202407,2024-06-18,22668.0,22670.0,100.0,186.68,800.0,2024-07-16,24002.0,24000.0,266800.0,265713.32
72,TX202408,2024-07-16,24000.0,24002.0,100.0,185.74400000000003,800.0,2024-08-20,22436.0,22434.0,-312800.0,-313885.744
73,TX202409,2024-08-20,22403.0,22405.0,100.0,176.86400000000003,800.0,2024-09-16,21813.0,21811.0,-118000.0,-119076.864
74,TX202410,2024-09-16,21828.0,21830.0,100.0,180.21200000000002,800.0,2024-10-15,23225.0,23223.0,279400.0,278319.788
75,TX202411,2024-10-15,23285.0,23287.0,100.0,184.54000000000002,800.0,2024-11-19,22850.0,22848.0,-87000.0,-88084.54
76,TX202412,2024-11-19,22894.0,22896.0,100.0,183.70000000000002,800.0,2024-12-17,23031.0,23029.0,27400.0,26316.3
77,TX202501,2024-12-17,23095.0,23097.0,100.0,183.38,800.0,2025-01-14,22750.0,22748.0,-69000.0,-70083.38
78,TX202502,2025-01-14,22816.0,22818.0,100.0,185.86,800.0,2025-02-18,23649.0,23647.0,166600.0,165514.14
79,TX202503,2025-02-18,23652.0,23654.0,100.0,183.52800000000002,800.0,2025-03-18,22230.0,22228.0,-284400.0,-285483.528
80,TX202504,2025-03-18,22259.0,22261.0,100.0,168.228,800.0,2025-04-15,19798.0,19796.0,-492200.0,-493268.228
81,TX202505,2025-04-15,19779.0,19781.0,100.0,165.27200000000002,800.0,2025-05-20,21539.0,21537.0,352000.0,350934.728
82,TX202506,2025-05-20,21451.0,21453.0,100.0,174.44000000000003,800.0,2025-06-17,22159.0,22157.0,141600.0,140525.56
83,TX202507,2025-06-17,21784.0,21786.0,100.0,178.37600000000003,800.0,2025-07-15,22810.0,22808.0,205200.0,204121.624
84,TX202508,2025-07-15,22675.0,22677.0,100.0,188.06800000000004,800.0,2025-08-19,24342.0,24340.0,333400.0,332311.932
85,TX202509,2025-08-19,24284.0,24286.0,100.0,199.65200000000002,800.0,2025-09-16,25629.0,25627.0,269000.0,267900.348
86,TX202510,2025-09-16,25639.0,25641.0,100.0,209.428,800.0,2025-10-14,26718.0,26716.0,215800.0,214690.572
87,TX202511,2025-10-14,26765.0,26767.0,100.0,214.28000000000003,800.0,2025-11-18,26805.0,26803.0,8000.0,6885.72
88,TX202512,2025-11-18,26805.0,26807.0,100.0,217.716,800.0,2025-12-16,27624.0,27622.0,163800.0,162682.284
89,TX202601,2025-12-16,27713.0,27715.0,100.0,237.54000000000002,800.0,2026-01-20,31672.0,31670.0,791800.0,790662.46
90,TX202602,2026-01-20,31800.0,31802.0,100.0,261.964,800.0,2026-02-11,33691.0,33689.0,378200.0,377038.036
91,TX202603,2026-02-11,33849.0,33851.0,100.0,270.576,800.0,2026-03-17,33795.0,33793.0,-10800.0,-11970.576000000001
92,TX202604,2026-03-17,33910.0,33912.0,100.0,281.16400000000004,800.0,2026-04-14,36381.0,36379.0,494200.0,493018.836
93,TX202605,2026-04-14,36639.0,36641.0,100.0,307.548,800.0,2026-05-19,40248.0,40246.0,721800.0,720592.452
94,TX202606,2026-05-19,40383.0,40385.0,100.0,344.62,800.0,2026-06-16,45772.0,45770.0,1077800.0,1076555.38
95,TX202607,2026-06-16,45849.0,45851.0,100.0,362.65600000000006,800.0,2026-07-14,44815.0,44813.0,-206800.0,-208062.656
96,TX202608,2026-07-14,45135.0,45137.0,100.0,360.88,800.0,2026-08-18,45085.0,45083.0,-10000.0,-11260.88
97,TX202609,2026-08-18,45166.0,45168.0,100.0,363.09200000000004,800.0,2026-09-15,45607.0,45605.0,88200.0,86936.908
98,TX202610,2026-09-15,45740.0,45742.0,100.0,382.75600000000003,800.0,2026-10-05,49949.0,49947.0,841800.0,840517.244
