date,contract,side,raw_price,execution_price,fee,tax,slippage_cost,reason,episode_id,segment_id
2018-08-31,TX201809,buy,10975.0,10977.0,50.0,43.908,400.0,signal_entry,1,1
2018-09-10,TX201809,sell,10865.0,10863.0,50.0,43.452000000000005,400.0,signal_exit,1,1
2018-09-17,TX201809,buy,10857.0,10859.0,50.0,43.43600000000001,400.0,signal_entry,2,2
2018-09-18,TX201809,sell,10787.0,10785.0,50.0,43.14,400.0,signal_exit,2,2
2018-09-25,TX201810,buy,10960.0,10962.0,50.0,43.848000000000006,400.0,signal_entry,3,3
2018-10-04,TX201810,sell,10823.0,10821.0,50.0,43.284000000000006,400.0,signal_exit,3,3
2018-11-05,TX201811,buy,9803.0,9805.0,50.0,39.220000000000006,400.0,signal_entry,4,4
2018-11-06,TX201811,sell,9849.0,9847.0,50.0,39.388000000000005,400.0,signal_exit,4,4
2018-11-08,TX201811,buy,9980.0,9982.0,50.0,39.928000000000004,400.0,signal_entry,5,5
2018-11-14,TX201811,sell,9768.0,9766.0,50.0,39.064,400.0,signal_exit,5,5
2018-11-15,TX201811,buy,9790.0,9792.0,50.0,39.168000000000006,400.0,signal_entry,6,6
2018-11-20,TX201811,sell,9732.0,9730.0,50.0,38.92,400.0,roll_exit,6,6
2018-11-20,TX201812,buy,9711.0,9713.0,50.0,38.852000000000004,400.0,roll_entry,6,7
2018-11-23,TX201812,sell,9715.0,9713.0,50.0,38.852000000000004,400.0,signal_exit,6,7
2018-11-29,TX201812,buy,9984.0,9986.0,50.0,39.944,400.0,signal_entry,7,8
2018-12-07,TX201812,sell,9735.0,9733.0,50.0,38.932,400.0,signal_exit,7,8
2018-12-13,TX201812,buy,9831.0,9833.0,50.0,39.332,400.0,signal_entry,8,9
2018-12-17,TX201812,sell,9753.0,9751.0,50.0,39.004000000000005,400.0,signal_exit,8,9
2019-01-10,TX201901,buy,9710.0,9712.0,50.0,38.848000000000006,400.0,signal_entry,9,10
2019-01-15,TX201901,sell,9793.0,9791.0,50.0,39.164,400.0,roll_exit,9,10
2019-01-15,TX201902,buy,9794.0,9796.0,50.0,39.184000000000005,400.0,roll_entry,9,11
2019-02-19,TX201902,sell,10142.0,10140.0,50.0,40.56,400.0,roll_exit,9,11
2019-02-19,TX201903,buy,10145.0,10147.0,50.0,40.588,400.0,roll_entry,9,12
2019-03-19,TX201903,sell,10501.0,10499.0,50.0,41.996,400.0,roll_exit,9,12
2019-03-19,TX201904,buy,10495.0,10497.0,50.0,41.98800000000001,400.0,roll_entry,9,13
2019-04-16,TX201904,sell,10931.0,10929.0,50.0,43.716,400.0,roll_exit,9,13
2019-04-16,TX201905,buy,10923.0,10925.0,50.0,43.7,400.0,roll_entry,9,14
2019-05-07,TX201905,sell,10900.0,10898.0,50.0,43.592000000000006,400.0,signal_exit,9,14
2019-05-08,TX201905,buy,10849.0,10851.0,50.0,43.404,400.0,signal_entry,10,15
2019-05-09,TX201905,sell,10854.0,10852.0,50.0,43.408,400.0,signal_exit,10,15
2019-06-11,TX201906,buy,10555.0,10557.0,50.0,42.228,400.0,signal_entry,11,16
2019-06-18,TX201906,sell,10553.0,10551.0,50.0,42.204,400.0,roll_exit,11,16
2019-06-18,TX201907,buy,10338.0,10340.0,50.0,41.36000000000001,400.0,roll_entry,11,17
2019-06-27,TX201907,sell,10535.0,10533.0,50.0,42.132000000000005,400.0,signal_exit,11,17
2019-06-28,TX201907,buy,10621.0,10623.0,50.0,42.492000000000004,400.0,signal_entry,12,18
2019-07-16,TX201907,sell,10876.0,10874.0,50.0,43.496,400.0,roll_exit,12,18
2019-07-16,TX201908,buy,10727.0,10729.0,50.0,42.916000000000004,400.0,roll_entry,12,19
2019-07-19,TX201908,sell,10757.0,10755.0,50.0,43.02,400.0,signal_exit,12,19
2019-07-22,TX201908,buy,10735.0,10737.0,50.0,42.948,400.0,signal_entry,13,20
2019-07-31,TX201908,sell,10721.0,10719.0,50.0,42.876000000000005,400.0,signal_exit,13,20
2019-08-30,TX201909,buy,10520.0,10522.0,50.0,42.088,400.0,signal_entry,14,21
2019-09-17,TX201909,sell,10863.0,10861.0,50.0,43.444,400.0,roll_exit,14,21
2019-09-17,TX201910,buy,10839.0,10841.0,50.0,43.364000000000004,400.0,roll_entry,14,22
2019-10-15,TX201910,sell,11108.0,11106.0,50.0,44.42400000000001,400.0,roll_exit,14,22
2019-10-15,TX201911,buy,11087.0,11089.0,50.0,44.356,400.0,roll_entry,14,23
2019-11-19,TX201911,sell,11644.0,11642.0,50.0,46.568000000000005,400.0,roll_exit,14,23
2019-11-19,TX201912,buy,11640.0,11642.0,50.0,46.568000000000005,400.0,roll_entry,14,24
2019-12-02,TX201912,sell,11527.0,11525.0,50.0,46.1,400.0,signal_exit,14,24
2019-12-06,TX201912,buy,11645.0,11647.0,50.0,46.588,400.0,signal_entry,15,25
2019-12-17,TX201912,sell,12100.0,12098.0,50.0,48.392,400.0,roll_exit,15,25
2019-12-17,TX202001,buy,12090.0,12092.0,50.0,48.368,400.0,roll_entry,15,26
2020-01-07,TX202001,sell,11995.0,11993.0,50.0,47.972,400.0,signal_exit,15,26
2020-01-13,TX202001,buy,12085.0,12087.0,50.0,48.348000000000006,400.0,signal_entry,16,27
2020-01-14,TX202001,sell,12181.0,12179.0,50.0,48.716,400.0,roll_exit,16,27
2020-01-14,TX202002,buy,12155.0,12157.0,50.0,48.62800000000001,400.0,roll_entry,16,28
2020-01-31,TX202002,sell,11460.0,11458.0,50.0,45.832,400.0,signal_exit,16,28
2020-02-17,TX202002,buy,11710.0,11712.0,50.0,46.848000000000006,400.0,signal_entry,17,29
2020-02-18,TX202002,sell,11715.0,11713.0,50.0,46.852000000000004,400.0,signal_exit,17,29
2020-02-20,TX202003,buy,11820.0,11822.0,50.0,47.288000000000004,400.0,signal_entry,18,30
2020-02-21,TX202003,sell,11665.0,11663.0,50.0,46.652,400.0,signal_exit,18,30
2020-04-07,TX202004,buy,9955.0,9957.0,50.0,39.828,400.0,signal_entry,19,31
2020-04-14,TX202004,sell,10346.0,10344.0,50.0,41.376000000000005,400.0,roll_exit,19,31
2020-04-14,TX202005,buy,10261.0,10263.0,50.0,41.05200000000001,400.0,roll_entry,19,32
2020-05-19,TX202005,sell,10872.0,10870.0,50.0,43.480000000000004,400.0,roll_exit,19,32
2020-05-19,TX202006,buy,10809.0,10811.0,50.0,43.24400000000001,400.0,roll_entry,19,33
2020-05-25,TX202006,sell,10800.0,10798.0,50.0,43.192,400.0,signal_exit,19,33
2020-05-26,TX202006,buy,10896.0,10898.0,50.0,43.592000000000006,400.0,signal_entry,20,34
2020-06-16,TX202006,sell,11526.0,11524.0,50.0,46.096000000000004,400.0,roll_exit,20,34
2020-06-16,TX202007,buy,11329.0,11331.0,50.0,45.324000000000005,400.0,roll_entry,20,35
2020-06-30,TX202007,sell,11460.0,11458.0,50.0,45.832,400.0,signal_exit,20,35
2020-07-01,TX202007,buy,11482.0,11484.0,50.0,45.93600000000001,400.0,signal_entry,21,36
2020-07-14,TX202007,sell,12188.0,12186.0,50.0,48.74400000000001,400.0,roll_exit,21,36
2020-07-14,TX202008,buy,12033.0,12035.0,50.0,48.14,400.0,roll_entry,21,37
2020-08-18,TX202008,sell,12875.0,12873.0,50.0,51.492000000000004,400.0,roll_exit,21,37
2020-08-18,TX202009,buy,12831.0,12833.0,50.0,51.332,400.0,roll_entry,21,38
2020-08-21,TX202009,sell,12466.0,12464.0,50.0,49.856,400.0,signal_exit,21,38
2020-08-26,TX202009,buy,12730.0,12732.0,50.0,50.928000000000004,400.0,signal_entry,22,39
2020-08-31,TX202009,sell,12800.0,12798.0,50.0,51.19200000000001,400.0,signal_exit,22,39
2020-09-04,TX202009,buy,12558.0,12560.0,50.0,50.24,400.0,signal_entry,23,40
2020-09-07,TX202009,sell,12608.0,12606.0,50.0,50.42400000000001,400.0,signal_exit,23,40
2020-09-11,TX202009,buy,12658.0,12660.0,50.0,50.64000000000001,400.0,signal_entry,24,41
2020-09-14,TX202009,sell,12694.0,12692.0,50.0,50.768,400.0,signal_exit,24,41
2020-09-15,TX202009,buy,12768.0,12770.0,50.0,51.080000000000005,400.0,signal_entry,25,42
2020-09-15,TX202009,sell,12840.0,12838.0,50.0,51.352000000000004,400.0,roll_exit,25,42
2020-09-15,TX202010,buy,12779.0,12781.0,50.0,51.124,400.0,roll_entry,25,43
2020-09-22,TX202010,sell,12627.0,12625.0,50.0,50.50000000000001,400.0,signal_exit,25,43
2020-10-07,TX202010,buy,12620.0,12622.0,50.0,50.48800000000001,400.0,signal_entry,26,44
2020-10-20,TX202010,sell,12856.0,12854.0,50.0,51.416000000000004,400.0,roll_exit,26,44
2020-10-20,TX202011,buy,12778.0,12780.0,50.0,51.120000000000005,400.0,roll_entry,26,45
2020-10-29,TX202011,sell,12598.0,12596.0,50.0,50.38400000000001,400.0,signal_exit,26,45
2020-11-05,TX202011,buy,12924.0,12926.0,50.0,51.70400000000001,400.0,signal_entry,27,46
2020-11-17,TX202011,sell,13625.0,13623.0,50.0,54.492000000000004,400.0,roll_exit,27,46
2020-11-17,TX202012,buy,13581.0,13583.0,50.0,54.33200000000001,400.0,roll_entry,27,47
2020-12-15,TX202012,sell,14085.0,14083.0,50.0,56.33200000000001,400.0,roll_exit,27,47
2020-12-15,TX202101,buy,13977.0,13979.0,50.0,55.916000000000004,400.0,roll_entry,27,48
2020-12-23,TX202101,sell,14104.0,14102.0,50.0,56.408,400.0,signal_exit,27,48
2020-12-24,TX202101,buy,14185.0,14187.0,50.0,56.748000000000005,400.0,signal_entry,28,49
2021-01-19,TX202101,sell,15888.0,15886.0,50.0,63.544000000000004,400.0,roll_exit,28,49
2021-01-19,TX202102,buy,15847.0,15849.0,50.0,63.39600000000001,400.0,roll_entry,28,50
2021-01-29,TX202102,sell,15498.0,15496.0,50.0,61.984,400.0,signal_exit,28,50
2021-02-03,TX202102,buy,15864.0,15866.0,50.0,63.464000000000006,400.0,signal_entry,29,51
2021-02-05,TX202102,sell,15804.0,15802.0,50.0,63.208000000000006,400.0,roll_exit,29,51
2021-02-05,TX202103,buy,15716.0,15718.0,50.0,62.87200000000001,400.0,roll_entry,29,52
2021-03-03,TX202103,sell,16000.0,15998.0,50.0,63.992000000000004,400.0,signal_exit,29,52
2021-03-04,TX202103,buy,16025.0,16027.0,50.0,64.108,400.0,signal_entry,30,53
2021-03-08,TX202103,sell,15950.0,15948.0,50.0,63.79200000000001,400.0,signal_exit,30,53
2021-03-12,TX202103,buy,16276.0,16278.0,50.0,65.11200000000001,400.0,signal_entry,31,54
2021-03-16,TX202103,sell,16305.0,16303.0,50.0,65.212,400.0,roll_exit,31,54
2021-03-16,TX202104,buy,16240.0,16242.0,50.0,64.968,400.0,roll_entry,31,55
2021-03-22,TX202104,sell,16018.0,16016.0,50.0,64.06400000000001,400.0,signal_exit,31,55
2021-03-23,TX202104,buy,16223.0,16225.0,50.0,64.9,400.0,signal_entry,32,56
2021-03-25,TX202104,sell,15890.0,15888.0,50.0,63.55200000000001,400.0,signal_exit,32,56
2021-03-29,TX202104,buy,16370.0,16372.0,50.0,65.488,400.0,signal_entry,33,57
2021-04-20,TX202104,sell,17319.0,17317.0,50.0,69.268,400.0,roll_exit,33,57
2021-04-20,TX202105,buy,17256.0,17258.0,50.0,69.03200000000001,400.0,roll_entry,33,58
2021-05-05,TX202105,sell,16847.0,16845.0,50.0,67.38000000000001,400.0,signal_exit,33,58
2021-05-10,TX202105,buy,17369.0,17371.0,50.0,69.48400000000001,400.0,signal_entry,34,59
2021-05-12,TX202105,sell,16503.0,16501.0,50.0,66.004,400.0,signal_exit,34,59
2021-05-26,TX202106,buy,16616.0,16618.0,50.0,66.47200000000001,400.0,signal_entry,35,60
2021-06-15,TX202106,sell,17398.0,17396.0,50.0,69.584,400.0,roll_exit,35,60
2021-06-15,TX202107,buy,17272.0,17274.0,50.0,69.096,400.0,roll_entry,35,61
2021-06-22,TX202107,sell,17155.0,17153.0,50.0,68.61200000000001,400.0,signal_exit,35,61
2021-06-24,TX202107,buy,17298.0,17300.0,50.0,69.2,400.0,signal_entry,36,62
2021-07-20,TX202107,sell,17558.0,17556.0,50.0,70.224,400.0,roll_exit,36,62
2021-07-20,TX202108,buy,17341.0,17343.0,50.0,69.372,400.0,roll_entry,36,63
2021-07-21,TX202108,sell,17405.0,17403.0,50.0,69.61200000000001,400.0,signal_exit,36,63
2021-08-05,TX202108,buy,17570.0,17572.0,50.0,70.28800000000001,400.0,signal_entry,37,64
2021-08-09,TX202108,sell,17438.0,17436.0,50.0,69.744,400.0,signal_exit,37,64
2021-08-30,TX202109,buy,17249.0,17251.0,50.0,69.004,400.0,signal_entry,38,65
2021-09-14,TX202109,sell,17461.0,17459.0,50.0,69.83600000000001,400.0,roll_exit,38,65
2021-09-14,TX202110,buy,17401.0,17403.0,50.0,69.61200000000001,400.0,roll_entry,38,66
2021-09-23,TX202110,sell,17020.0,17018.0,50.0,68.072,400.0,signal_exit,38,66
2021-10-20,TX202111,buy,16921.0,16923.0,50.0,67.69200000000001,400.0,signal_entry,39,67
2021-11-16,TX202111,sell,17701.0,17699.0,50.0,70.796,400.0,roll_exit,39,67
2021-11-16,TX202112,buy,17680.0,17682.0,50.0,70.72800000000001,400.0,roll_entry,39,68
2021-11-29,TX202112,sell,17243.0,17241.0,50.0,68.964,400.0,signal_exit,39,68
2021-12-02,TX202112,buy,17570.0,17572.0,50.0,70.28800000000001,400.0,signal_entry,40,69
2021-12-14,TX202112,sell,17605.0,17603.0,50.0,70.412,400.0,roll_exit,40,69
2021-12-14,TX202201,buy,17543.0,17545.0,50.0,70.18,400.0,roll_entry,40,70
2021-12-15,TX202201,sell,17491.0,17489.0,50.0,69.956,400.0,signal_exit,40,70
2021-12-17,TX202201,buy,17716.0,17718.0,50.0,70.872,400.0,signal_entry,41,71
2021-12-21,TX202201,sell,17660.0,17658.0,50.0,70.632,400.0,signal_exit,41,71
2021-12-22,TX202201,buy,17847.0,17849.0,50.0,71.396,400.0,signal_entry,42,72
2022-01-18,TX202201,sell,18349.0,18347.0,50.0,73.388,400.0,roll_exit,42,72
2022-01-18,TX202202,buy,18314.0,18316.0,50.0,73.26400000000001,400.0,roll_entry,42,73
2022-01-20,TX202202,sell,18203.0,18201.0,50.0,72.804,400.0,signal_exit,42,73
2022-02-11,TX202202,buy,18202.0,18204.0,50.0,72.816,400.0,signal_entry,43,74
2022-02-15,TX202202,sell,17922.0,17920.0,50.0,71.68,400.0,signal_exit,43,74
2022-02-17,TX202203,buy,18269.0,18271.0,50.0,73.084,400.0,signal_entry,44,75
2022-02-23,TX202203,sell,17954.0,17952.0,50.0,71.808,400.0,signal_exit,44,75
2022-03-22,TX202204,buy,17536.0,17538.0,50.0,70.152,400.0,signal_entry,45,76
2022-04-08,TX202204,sell,17200.0,17198.0,50.0,68.792,400.0,signal_exit,45,76
2022-05-30,TX202206,buy,16400.0,16402.0,50.0,65.608,400.0,signal_entry,46,77
2022-06-14,TX202206,sell,15950.0,15948.0,50.0,63.79200000000001,400.0,signal_exit,46,77
2022-07-19,TX202207,buy,14562.0,14564.0,50.0,58.25600000000001,400.0,signal_entry,47,78
2022-07-19,TX202207,sell,14678.0,14676.0,50.0,58.70400000000001,400.0,roll_exit,47,78
2022-07-19,TX202208,buy,14528.0,14530.0,50.0,58.120000000000005,400.0,roll_entry,47,79
2022-08-16,TX202208,sell,15422.0,15420.0,50.0,61.68000000000001,400.0,roll_exit,47,79
2022-08-16,TX202209,buy,15366.0,15368.0,50.0,61.47200000000001,400.0,roll_entry,47,80
2022-08-24,TX202209,sell,15080.0,15078.0,50.0,60.312000000000005,400.0,signal_exit,47,80
2022-08-26,TX202209,buy,15271.0,15273.0,50.0,61.092000000000006,400.0,signal_entry,48,81
2022-08-30,TX202209,sell,14850.0,14848.0,50.0,59.392,400.0,signal_exit,48,81
2022-11-03,TX202211,buy,12883.0,12885.0,50.0,51.540000000000006,400.0,signal_entry,49,82
2022-11-04,TX202211,sell,12880.0,12878.0,50.0,51.51200000000001,400.0,signal_exit,49,82
2022-11-07,TX202211,buy,13156.0,13158.0,50.0,52.632000000000005,400.0,signal_entry,50,83
2022-11-15,TX202211,sell,14530.0,14528.0,50.0,58.112,400.0,roll_exit,50,83
2022-11-15,TX202212,buy,14465.0,14467.0,50.0,57.868,400.0,roll_entry,50,84
2022-12-09,TX202212,sell,14636.0,14634.0,50.0,58.536,400.0,signal_exit,50,84
2022-12-12,TX202212,buy,14649.0,14651.0,50.0,58.604000000000006,400.0,signal_entry,51,85
2022-12-13,TX202212,sell,14660.0,14658.0,50.0,58.632000000000005,400.0,signal_exit,51,85
2022-12-15,TX202212,buy,14658.0,14660.0,50.0,58.64000000000001,400.0,signal_entry,52,86
2022-12-19,TX202212,sell,14405.0,14403.0,50.0,57.612,400.0,signal_exit,52,86
2023-01-09,TX202301,buy,14618.0,14620.0,50.0,58.480000000000004,400.0,signal_entry,53,87
2023-01-17,TX202301,sell,14925.0,14923.0,50.0,59.69200000000001,400.0,roll_exit,53,87
2023-01-17,TX202302,buy,14910.0,14912.0,50.0,59.648,400.0,roll_entry,53,88
2023-02-14,TX202302,sell,15661.0,15659.0,50.0,62.636,400.0,roll_exit,53,88
2023-02-14,TX202303,buy,15645.0,15647.0,50.0,62.58800000000001,400.0,roll_entry,53,89
2023-02-23,TX202303,sell,15435.0,15433.0,50.0,61.732000000000006,400.0,signal_exit,53,89
2023-02-24,TX202303,buy,15642.0,15644.0,50.0,62.57600000000001,400.0,signal_entry,54,90
2023-03-13,TX202303,sell,15450.0,15448.0,50.0,61.792,400.0,signal_exit,54,90
2023-03-23,TX202304,buy,15695.0,15697.0,50.0,62.788000000000004,400.0,signal_entry,55,91
2023-04-18,TX202304,sell,15890.0,15888.0,50.0,63.55200000000001,400.0,roll_exit,55,91
2023-04-18,TX202305,buy,15871.0,15873.0,50.0,63.492000000000004,400.0,roll_entry,55,92
2023-04-20,TX202305,sell,15730.0,15728.0,50.0,62.912000000000006,400.0,signal_exit,55,92
2023-05-09,TX202305,buy,15706.0,15708.0,50.0,62.83200000000001,400.0,signal_entry,56,93
2023-05-11,TX202305,sell,15660.0,15658.0,50.0,62.632000000000005,400.0,signal_exit,56,93
2023-05-17,TX202306,buy,15661.0,15663.0,50.0,62.65200000000001,400.0,signal_entry,57,94
2023-06-20,TX202306,sell,17189.0,17187.0,50.0,68.748,400.0,roll_exit,57,94
2023-06-20,TX202307,buy,17009.0,17011.0,50.0,68.04400000000001,400.0,roll_entry,57,95
2023-06-27,TX202307,sell,16805.0,16803.0,50.0,67.212,400.0,signal_exit,57,95
2023-07-04,TX202307,buy,17025.0,17027.0,50.0,68.108,400.0,signal_entry,58,96
2023-07-07,TX202307,sell,16566.0,16564.0,50.0,66.256,400.0,signal_exit,58,96
2023-07-14,TX202307,buy,17219.0,17221.0,50.0,68.884,400.0,signal_entry,59,97
2023-07-18,TX202307,sell,17225.0,17223.0,50.0,68.89200000000001,400.0,roll_exit,59,97
2023-07-18,TX202308,buy,17172.0,17174.0,50.0,68.69600000000001,400.0,roll_entry,59,98
2023-08-04,TX202308,sell,16720.0,16718.0,50.0,66.872,400.0,signal_exit,59,98
2023-08-25,TX202309,buy,16549.0,16551.0,50.0,66.20400000000001,400.0,signal_entry,60,99
2023-08-28,TX202309,sell,16468.0,16466.0,50.0,65.864,400.0,signal_exit,60,99
2023-08-30,TX202309,buy,16738.0,16740.0,50.0,66.96000000000001,400.0,signal_entry,61,100
2023-09-12,TX202309,sell,16459.0,16457.0,50.0,65.828,400.0,signal_exit,61,100
2023-09-13,TX202309,buy,16570.0,16572.0,50.0,66.28800000000001,400.0,signal_entry,62,101
2023-09-19,TX202309,sell,16609.0,16607.0,50.0,66.42800000000001,400.0,roll_exit,62,101
2023-09-19,TX202310,buy,16625.0,16627.0,50.0,66.50800000000001,400.0,roll_entry,62,102
2023-09-20,TX202310,sell,16620.0,16618.0,50.0,66.47200000000001,400.0,signal_exit,62,102
2023-10-11,TX202310,buy,16829.0,16831.0,50.0,67.32400000000001,400.0,signal_entry,63,103
2023-10-17,TX202310,sell,16650.0,16648.0,50.0,66.592,400.0,roll_exit,63,103
2023-10-17,TX202311,buy,16672.0,16674.0,50.0,66.69600000000001,400.0,roll_entry,63,104
2023-10-19,TX202311,sell,16365.0,16363.0,50.0,65.45200000000001,400.0,signal_exit,63,104
2023-11-06,TX202311,buy,16680.0,16682.0,50.0,66.72800000000001,400.0,signal_entry,64,105
2023-11-14,TX202311,sell,16949.0,16947.0,50.0,67.78800000000001,400.0,roll_exit,64,105
2023-11-14,TX202312,buy,16968.0,16970.0,50.0,67.88000000000001,400.0,roll_entry,64,106
2023-12-19,TX202312,sell,17574.0,17572.0,50.0,70.28800000000001,400.0,roll_exit,64,106
2023-12-19,TX202401,buy,17562.0,17564.0,50.0,70.256,400.0,roll_entry,64,107
2024-01-04,TX202401,sell,17525.0,17523.0,50.0,70.092,400.0,signal_exit,64,107
2024-01-22,TX202402,buy,17816.0,17818.0,50.0,71.272,400.0,signal_entry,65,108
2024-02-20,TX202402,sell,18753.0,18751.0,50.0,75.004,400.0,roll_exit,65,108
2024-02-20,TX202403,buy,18762.0,18764.0,50.0,75.05600000000001,400.0,roll_entry,65,109
2024-03-19,TX202403,sell,19867.0,19865.0,50.0,79.46000000000001,400.0,roll_exit,65,109
2024-03-19,TX202404,buy,19884.0,19886.0,50.0,79.54400000000001,400.0,roll_entry,65,110
2024-04-16,TX202404,sell,19953.0,19951.0,50.0,79.804,400.0,roll_exit,65,110
2024-04-16,TX202405,buy,19981.0,19983.0,50.0,79.932,400.0,roll_entry,65,111
2024-04-17,TX202405,sell,19979.0,19977.0,50.0,79.908,400.0,signal_exit,65,111
2024-04-30,TX202405,buy,20518.0,20520.0,50.0,82.08000000000001,400.0,signal_entry,66,112
2024-05-03,TX202405,sell,20548.0,20546.0,50.0,82.18400000000001,400.0,signal_exit,66,112
2024-05-06,TX202405,buy,20685.0,20687.0,50.0,82.748,400.0,signal_entry,67,113
2024-05-14,TX202405,sell,21013.0,21011.0,50.0,84.04400000000001,400.0,roll_exit,67,113
2024-05-14,TX202406,buy,21014.0,21016.0,50.0,84.06400000000001,400.0,roll_entry,67,114
2024-06-05,TX202406,sell,21350.0,21348.0,50.0,85.39200000000001,400.0,signal_exit,67,114
2024-06-06,TX202406,buy,21825.0,21827.0,50.0,87.308,400.0,signal_entry,68,115
2024-06-18,TX202406,sell,22786.0,22784.0,50.0,91.13600000000001,400.0,roll_exit,68,115
2024-06-18,TX202407,buy,22668.0,22670.0,50.0,90.68,400.0,roll_entry,68,116
2024-07-16,TX202407,sell,24002.0,24000.0,50.0,96.00000000000001,400.0,roll_exit,68,116
2024-07-16,TX202408,buy,24000.0,24002.0,50.0,96.00800000000001,400.0,roll_entry,68,117
2024-07-19,TX202408,sell,23148.0,23146.0,50.0,92.584,400.0,signal_exit,68,117
2024-08-19,TX202408,buy,22400.0,22402.0,50.0,89.608,400.0,signal_entry,69,118
2024-08-20,TX202408,sell,22436.0,22434.0,50.0,89.736,400.0,roll_exit,69,118
2024-08-20,TX202409,buy,22403.0,22405.0,50.0,89.62,400.0,roll_entry,69,119
2024-09-05,TX202409,sell,21310.0,21308.0,50.0,85.23200000000001,400.0,signal_exit,69,119
2024-09-20,TX202410,buy,22345.0,22347.0,50.0,89.388,400.0,signal_entry,70,120
2024-10-15,TX202410,sell,23225.0,23223.0,50.0,92.89200000000001,400.0,roll_exit,70,120
2024-10-15,TX202411,buy,23285.0,23287.0,50.0,93.14800000000001,400.0,roll_entry,70,121
2024-10-30,TX202411,sell,23072.0,23070.0,50.0,92.28,400.0,signal_exit,70,121
2024-11-06,TX202411,buy,23250.0,23252.0,50.0,93.00800000000001,400.0,signal_entry,71,122
2024-11-13,TX202411,sell,22755.0,22753.0,50.0,91.012,400.0,signal_exit,71,122
2024-11-25,TX202412,buy,23254.0,23256.0,50.0,93.024,400.0,signal_entry,72,123
2024-11-27,TX202412,sell,22600.0,22598.0,50.0,90.39200000000001,400.0,signal_exit,72,123
2024-12-04,TX202412,buy,23200.0,23202.0,50.0,92.808,400.0,signal_entry,73,124
2024-12-17,TX202412,sell,23031.0,23029.0,50.0,92.11600000000001,400.0,roll_exit,73,124
2024-12-17,TX202501,buy,23095.0,23097.0,50.0,92.388,400.0,roll_entry,73,125
2024-12-20,TX202501,sell,22767.0,22765.0,50.0,91.06,400.0,signal_exit,73,125
2024-12-24,TX202501,buy,23430.0,23432.0,50.0,93.72800000000001,400.0,signal_entry,74,126
2025-01-02,TX202501,sell,22935.0,22933.0,50.0,91.73200000000001,400.0,signal_exit,74,126
2025-01-07,TX202501,buy,23965.0,23967.0,50.0,95.86800000000001,400.0,signal_entry,75,127
2025-01-10,TX202501,sell,23083.0,23081.0,50.0,92.32400000000001,400.0,signal_exit,75,127
2025-01-20,TX202502,buy,23249.0,23251.0,50.0,93.004,400.0,signal_entry,76,128
2025-02-04,TX202502,sell,22919.0,22917.0,50.0,91.668,400.0,signal_exit,76,128
2025-02-06,TX202502,buy,23355.0,23357.0,50.0,93.42800000000001,400.0,signal_entry,77,129
2025-02-18,TX202502,sell,23649.0,23647.0,50.0,94.58800000000001,400.0,roll_exit,77,129
2025-02-18,TX202503,buy,23652.0,23654.0,50.0,94.61600000000001,400.0,roll_entry,77,130
2025-02-26,TX202503,sell,23150.0,23148.0,50.0,92.59200000000001,400.0,signal_exit,77,130
2025-02-27,TX202503,buy,23374.0,23376.0,50.0,93.504,400.0,signal_entry,78,131
2025-03-03,TX202503,sell,22650.0,22648.0,50.0,90.59200000000001,400.0,signal_exit,78,131
2025-04-28,TX202505,buy,19965.0,19967.0,50.0,79.86800000000001,400.0,signal_entry,79,132
2025-05-20,TX202505,sell,21539.0,21537.0,50.0,86.14800000000001,400.0,roll_exit,79,132
2025-05-20,TX202506,buy,21451.0,21453.0,50.0,85.81200000000001,400.0,roll_entry,79,133
2025-06-03,TX202506,sell,21034.0,21032.0,50.0,84.128,400.0,signal_exit,79,133
2025-06-05,TX202506,buy,21589.0,21591.0,50.0,86.364,400.0,signal_entry,80,134
2025-06-17,TX202506,sell,22159.0,22157.0,50.0,88.62800000000001,400.0,roll_exit,80,134
2025-06-17,TX202507,buy,21784.0,21786.0,50.0,87.144,400.0,roll_entry,80,135
2025-06-23,TX202507,sell,21350.0,21348.0,50.0,85.39200000000001,400.0,signal_exit,80,135
2025-06-25,TX202507,buy,22138.0,22140.0,50.0,88.56,400.0,signal_entry,81,136
2025-07-15,TX202507,sell,22810.0,22808.0,50.0,91.23200000000001,400.0,roll_exit,81,136
2025-07-15,TX202508,buy,22675.0,22677.0,50.0,90.70800000000001,400.0,roll_entry,81,137
2025-08-19,TX202508,sell,24342.0,24340.0,50.0,97.36000000000001,400.0,roll_exit,81,137
2025-08-19,TX202509,buy,24284.0,24286.0,50.0,97.144,400.0,roll_entry,81,138
2025-08-21,TX202509,sell,23729.0,23727.0,50.0,94.908,400.0,signal_exit,81,138
2025-08-22,TX202509,buy,23877.0,23879.0,50.0,95.516,400.0,signal_entry,82,139
2025-08-25,TX202509,sell,24120.0,24118.0,50.0,96.47200000000001,400.0,signal_exit,82,139
2025-08-26,TX202509,buy,24143.0,24145.0,50.0,96.58000000000001,400.0,signal_entry,83,140
2025-09-02,TX202509,sell,24083.0,24081.0,50.0,96.32400000000001,400.0,signal_exit,83,140
2025-09-08,TX202509,buy,24588.0,24590.0,50.0,98.36000000000001,400.0,signal_entry,84,141
2025-09-16,TX202509,sell,25629.0,25627.0,50.0,102.50800000000001,400.0,roll_exit,84,141
2025-09-16,TX202510,buy,25639.0,25641.0,50.0,102.56400000000001,400.0,roll_entry,84,142
2025-10-14,TX202510,sell,26718.0,26716.0,50.0,106.864,400.0,roll_exit,84,142
2025-10-14,TX202511,buy,26765.0,26767.0,50.0,107.06800000000001,400.0,roll_entry,84,143
2025-11-10,TX202511,sell,27777.0,27775.0,50.0,111.10000000000001,400.0,signal_exit,84,143
2025-11-11,TX202511,buy,28149.0,28151.0,50.0,112.60400000000001,400.0,signal_entry,85,144
2025-11-12,TX202511,sell,27889.0,27887.0,50.0,111.54800000000002,400.0,signal_exit,85,144
2025-11-13,TX202511,buy,28038.0,28040.0,50.0,112.16000000000001,400.0,signal_entry,86,145
2025-11-17,TX202511,sell,27570.0,27568.0,50.0,110.272,400.0,signal_exit,86,145
2025-11-28,TX202512,buy,27590.0,27592.0,50.0,110.36800000000001,400.0,signal_entry,87,146
2025-12-02,TX202512,sell,27674.0,27672.0,50.0,110.688,400.0,signal_exit,87,146
2025-12-03,TX202512,buy,27808.0,27810.0,50.0,111.24000000000001,400.0,signal_entry,88,147
2025-12-16,TX202512,sell,27624.0,27622.0,50.0,110.48800000000001,400.0,roll_exit,88,147
2025-12-16,TX202601,buy,27713.0,27715.0,50.0,110.86000000000001,400.0,roll_entry,88,148
2025-12-18,TX202601,sell,27500.0,27498.0,50.0,109.992,400.0,signal_exit,88,148
2025-12-22,TX202601,buy,28256.0,28258.0,50.0,113.03200000000001,400.0,signal_entry,89,149
2026-01-20,TX202601,sell,31672.0,31670.0,50.0,126.68,400.0,roll_exit,89,149
2026-01-20,TX202602,buy,31800.0,31802.0,50.0,127.20800000000001,400.0,roll_entry,89,150
2026-02-09,TX202602,sell,32824.0,32822.0,50.0,131.288,400.0,signal_exit,89,150
2026-02-10,TX202602,buy,32906.0,32908.0,50.0,131.632,400.0,signal_entry,90,151
2026-02-11,TX202602,sell,33691.0,33689.0,50.0,134.756,400.0,roll_exit,90,151
2026-02-11,TX202603,buy,33849.0,33851.0,50.0,135.40400000000002,400.0,roll_entry,90,152
2026-03-05,TX202603,sell,33911.0,33909.0,50.0,135.63600000000002,400.0,signal_exit,90,152
2026-03-06,TX202603,buy,33360.0,33362.0,50.0,133.448,400.0,signal_entry,91,153
2026-03-10,TX202603,sell,33242.0,33240.0,50.0,132.96,400.0,signal_exit,91,153
2026-03-12,TX202603,buy,33678.0,33680.0,50.0,134.72,400.0,signal_entry,92,154
2026-03-16,TX202603,sell,33460.0,33458.0,50.0,133.83200000000002,400.0,signal_exit,92,154
2026-03-18,TX202604,buy,34351.0,34353.0,50.0,137.412,400.0,signal_entry,93,155
2026-03-20,TX202604,sell,33809.0,33807.0,50.0,135.228,400.0,signal_exit,93,155
2026-04-02,TX202604,buy,33676.0,33678.0,50.0,134.71200000000002,400.0,signal_entry,94,156
2026-04-07,TX202604,sell,33192.0,33190.0,50.0,132.76000000000002,400.0,signal_exit,94,156
2026-04-08,TX202604,buy,34651.0,34653.0,50.0,138.61200000000002,400.0,signal_entry,95,157
2026-04-14,TX202604,sell,36381.0,36379.0,50.0,145.51600000000002,400.0,roll_exit,95,157
2026-04-14,TX202605,buy,36639.0,36641.0,50.0,146.56400000000002,400.0,roll_entry,95,158
2026-05-19,TX202605,sell,40248.0,40246.0,50.0,160.984,400.0,roll_exit,95,158
2026-05-19,TX202606,buy,40383.0,40385.0,50.0,161.54000000000002,400.0,roll_entry,95,159
2026-05-20,TX202606,sell,40282.0,40280.0,50.0,161.12,400.0,signal_exit,95,159
2026-05-22,TX202606,buy,42196.0,42198.0,50.0,168.792,400.0,signal_entry,96,160
2026-06-09,TX202606,sell,43661.0,43659.0,50.0,174.63600000000002,400.0,signal_exit,96,160
2026-06-10,TX202606,buy,43839.0,43841.0,50.0,175.364,400.0,signal_entry,97,161
2026-06-11,TX202606,sell,42643.0,42641.0,50.0,170.56400000000002,400.0,signal_exit,97,161
2026-06-15,TX202606,buy,45750.0,45752.0,50.0,183.008,400.0,signal_entry,98,162
2026-06-16,TX202606,sell,45772.0,45770.0,50.0,183.08,400.0,roll_exit,98,162
2026-06-16,TX202607,buy,45849.0,45851.0,50.0,183.40400000000002,400.0,roll_entry,98,163
2026-06-29,TX202607,sell,44799.0,44797.0,50.0,179.18800000000002,400.0,signal_exit,98,163
2026-07-01,TX202607,buy,47516.0,47518.0,50.0,190.072,400.0,signal_entry,99,164
2026-07-08,TX202607,sell,45606.0,45604.0,50.0,182.41600000000003,400.0,signal_exit,99,164
2026-08-06,TX202608,buy,44177.0,44179.0,50.0,176.716,400.0,signal_entry,100,165
2026-08-18,TX202608,sell,45085.0,45083.0,50.0,180.33200000000002,400.0,roll_exit,100,165
2026-08-18,TX202609,buy,45166.0,45168.0,50.0,180.67200000000003,400.0,roll_entry,100,166
2026-09-15,TX202609,sell,45777.0,45775.0,50.0,183.10000000000002,400.0,signal_exit,100,166
2026-09-18,TX202610,buy,47080.0,47082.0,50.0,188.328,400.0,signal_entry,101,167
2026-10-05,TX202610,sell,49949.0,49947.0,50.0,199.788,400.0,final_exit,101,167
