episode_id,entry_date,exit_date,contract_segments,gross_pnl,fee,tax,slippage_cost,pnl,total_cost
1,2018-08-31,2018-09-10,1,-22000.0,100.0,87.36000000000001,400.0,-22587.36,587.36
2,2018-09-17,2018-09-18,1,-14000.0,100.0,86.57600000000001,400.0,-14586.576,586.576
3,2018-09-25,2018-09-27,1,-1000.0,100.0,87.66,400.0,-1587.66,587.66
4,2018-09-28,2018-10-01,1,-8600.0,100.0,87.916,400.0,-9187.916,587.9159999999999
5,2018-10-02,2018-10-03,1,-25200.0,100.0,87.54400000000001,400.0,-25787.544,587.544
6,2018-11-05,2018-11-06,1,9200.0,100.0,78.608,400.0,8621.392,578.608
7,2018-11-08,2018-11-12,1,-46000.0,100.0,78.92000000000002,400.0,-46578.92,578.9200000000001
8,2018-11-13,2018-11-14,1,33600.0,100.0,77.47200000000001,400.0,33022.528,577.472
9,2018-11-15,2018-11-23,2,-10800.0,200.0,155.79200000000003,800.0,-11955.792,1155.792
10,2018-11-29,2018-12-03,1,5600.0,100.0,79.98400000000001,400.0,5020.016,579.984
11,2018-12-04,2018-12-06,1,-53400.0,100.0,79.572,400.0,-53979.572,579.572
12,2019-01-10,2019-03-05,3,109200.0,300.0,239.376,1200.0,107460.624,1739.376
13,2019-03-06,2019-03-08,1,-10600.0,100.0,82.052,400.0,-11182.052,582.052
14,2019-03-12,2019-03-15,1,10800.0,100.0,82.62400000000001,400.0,10217.376,582.624
15,2019-03-18,2019-03-21,2,21400.0,200.0,167.88400000000001,800.0,20232.116,1167.884
16,2019-03-22,2019-03-25,1,-33400.0,100.0,84.492,400.0,-33984.492,584.492
17,2019-03-29,2019-05-07,2,71400.0,200.0,173.22000000000003,800.0,70226.78,1173.22
18,2019-05-08,2019-05-09,1,1000.0,100.0,86.81200000000001,400.0,413.188,586.812
19,2019-06-12,2019-06-14,1,-10600.0,100.0,84.48400000000001,400.0,-11184.484,584.484
20,2019-06-18,2019-06-19,2,27600.0,200.0,167.568,800.0,26432.432,1167.568
21,2019-06-20,2019-06-25,1,9000.0,100.0,84.78,400.0,8415.22,584.78
22,2019-06-28,2019-07-02,1,23400.0,100.0,85.436,400.0,22814.564,585.436
23,2019-07-04,2019-07-10,1,1600.0,100.0,85.56,400.0,1014.44,585.56
24,2019-07-12,2019-07-18,2,-3000.0,200.0,172.06800000000004,800.0,-4172.067999999999,1172.068
25,2019-07-22,2019-07-31,1,-2800.0,100.0,85.82400000000001,400.0,-3385.824,585.8240000000001
26,2019-08-30,2019-11-22,4,218800.0,400.0,357.0640000000001,1600.0,216442.936,2357.0640000000003
27,2019-11-28,2019-11-29,1,-10800.0,100.0,93.048,400.0,-11393.048,593.048
28,2019-12-06,2019-12-11,1,-9000.0,100.0,92.98,400.0,-9592.98,592.98
29,2019-12-12,2019-12-20,2,61600.0,200.0,192.072,800.0,60407.92799999999,1192.0720000000001
30,2019-12-23,2019-12-24,1,6000.0,100.0,96.12,400.0,5403.88,596.12
31,2019-12-30,2019-12-31,1,-12400.0,100.0,96.48,400.0,-12996.48,596.48
32,2020-02-17,2020-02-18,1,1000.0,100.0,93.7,400.0,406.29999999999995,593.7
33,2020-02-20,2020-02-21,1,-31000.0,100.0,93.94000000000001,400.0,-31593.94,593.94
34,2020-04-08,2020-04-20,2,130000.0,200.0,164.288,800.0,128835.712,1164.288
35,2020-05-20,2020-05-21,1,10800.0,100.0,87.00800000000001,400.0,10212.992,587.008
36,2020-05-22,2020-05-25,1,-25600.0,100.0,86.912,400.0,-26186.912,586.912
37,2020-05-27,2020-06-30,2,139000.0,200.0,181.108,800.0,137818.892,1181.108
38,2020-07-02,2020-08-03,2,220200.0,200.0,193.348,800.0,219006.652,1193.348
39,2020-08-04,2020-08-12,1,36800.0,100.0,100.864,400.0,36199.136,600.864
40,2020-08-13,2020-08-21,2,-61200.0,200.0,203.95200000000003,800.0,-62403.95199999999,1203.952
41,2020-08-26,2020-08-31,1,14000.0,100.0,102.12,400.0,13397.88,602.12
42,2020-09-04,2020-09-07,1,10000.0,100.0,100.66400000000002,400.0,9399.336,600.664
43,2020-09-11,2020-09-14,1,7200.0,100.0,101.40800000000002,400.0,6598.592,601.408
44,2020-09-15,2020-09-22,2,-16000.0,200.0,204.05600000000004,800.0,-17204.056,1204.056
45,2020-10-07,2020-10-20,1,54400.0,100.0,102.048,400.0,53797.952,602.048
46,2020-10-21,2020-10-29,1,-44400.0,100.0,101.67200000000001,400.0,-45001.672,601.672
47,2020-11-05,2020-11-24,2,208200.0,200.0,216.204,800.0,206983.796,1216.204
48,2020-11-25,2020-12-02,1,9200.0,100.0,111.272,400.0,8588.728,611.2719999999999
49,2021-01-06,2021-01-15,1,180400.0,100.0,123.99200000000002,400.0,179776.008,623.992
50,2021-01-18,2021-01-20,2,49800.0,200.0,252.868,800.0,48547.132,1252.868
51,2021-01-22,2021-01-25,1,-19000.0,100.0,128.02800000000002,400.0,-19628.028,628.028
52,2021-03-29,2021-04-01,1,33000.0,100.0,131.62,400.0,32368.379999999997,631.62
53,2021-04-06,2021-04-08,1,-9000.0,100.0,133.90000000000003,400.0,-9633.9,633.9000000000001
54,2021-04-19,2021-04-22,2,40600.0,200.0,275.804,800.0,39324.196,1275.804
55,2021-05-27,2021-05-31,1,59600.0,100.0,133.936,400.0,58966.064,633.936
56,2021-06-01,2021-06-09,1,-10600.0,100.0,136.18800000000002,400.0,-11236.188,636.188
57,2021-07-06,2021-07-07,1,-27000.0,100.0,143.108,400.0,-27643.108,643.108
58,2021-07-08,2021-07-12,1,-5600.0,100.0,142.89600000000002,400.0,-6242.896,642.896
59,2021-07-16,2021-07-19,1,-21800.0,100.0,142.17200000000003,400.0,-22442.172,642.172
60,2021-08-05,2021-08-06,1,-3000.0,100.0,140.5,400.0,-3640.5,640.5
61,2021-09-03,2021-09-06,1,-400.0,100.0,139.52800000000002,400.0,-1039.528,639.528
62,2021-09-08,2021-09-22,2,-100000.0,200.0,276.36800000000005,800.0,-101276.368,1276.368
63,2021-10-20,2021-10-21,1,-8400.0,100.0,135.2,400.0,-9035.2,635.2
64,2021-11-08,2021-11-29,2,1600.0,200.0,279.52000000000004,800.0,320.4800000000105,1279.52
65,2021-12-23,2022-01-20,2,60600.0,200.0,291.20400000000006,800.0,59308.796,1291.2040000000002
66,2022-02-11,2022-02-15,1,-56000.0,100.0,144.49600000000004,400.0,-56644.496,644.4960000000001
67,2022-02-17,2022-02-23,1,-63000.0,100.0,144.89200000000002,400.0,-63644.892,644.892
68,2022-03-22,2022-04-08,1,-67200.0,100.0,138.94400000000002,400.0,-67838.944,638.944
69,2022-05-30,2022-06-14,1,-90000.0,100.0,129.4,400.0,-90629.4,629.4
70,2022-07-19,2022-08-11,2,140600.0,200.0,235.532,800.0,139364.468,1235.5320000000002
71,2022-08-12,2022-08-23,2,-22800.0,200.0,244.30400000000003,800.0,-24044.303999999996,1244.304
72,2022-11-03,2022-11-04,1,-600.0,100.0,103.052,400.0,-1203.0520000000001,603.052
73,2022-11-10,2022-11-11,1,84400.0,100.0,110.03200000000001,400.0,83789.968,610.032
74,2022-11-30,2022-12-02,1,44000.0,100.0,118.00000000000001,400.0,43382.0,618.0
75,2022-12-16,2022-12-19,1,-7000.0,100.0,115.38000000000001,400.0,-7615.38,615.38
76,2023-01-09,2023-02-01,2,149400.0,200.0,239.21200000000005,800.0,148160.788,1239.212
77,2023-02-03,2023-02-06,1,-15400.0,100.0,124.34,400.0,-16024.34,624.34
78,2023-02-09,2023-02-10,1,9400.0,100.0,124.58000000000001,400.0,8775.42,624.58
79,2023-02-14,2023-02-15,2,-24400.0,200.0,249.73600000000002,800.0,-25649.736,1249.7359999999999
80,2023-02-17,2023-02-23,1,1400.0,100.0,123.45200000000001,400.0,776.548,623.452
81,2023-02-24,2023-03-13,1,-38400.0,100.0,124.36800000000001,400.0,-39024.368,624.3679999999999
82,2023-03-23,2023-03-27,1,32000.0,100.0,126.20000000000002,400.0,31373.8,626.2
83,2023-04-07,2023-04-20,2,-20200.0,200.0,253.36400000000003,800.0,-21453.363999999998,1253.364
84,2023-05-09,2023-05-11,1,-9200.0,100.0,125.464,400.0,-9825.464,625.4639999999999
85,2023-05-17,2023-05-24,1,78800.0,100.0,126.864,400.0,78173.136,626.864
86,2023-05-25,2023-05-30,1,83600.0,100.0,130.728,400.0,82969.272,630.7280000000001
87,2023-06-08,2023-06-12,1,20400.0,100.0,135.22400000000002,400.0,19764.776,635.224
88,2023-07-26,2023-07-27,1,-4600.0,100.0,137.556,400.0,-5237.556,637.556
89,2023-07-28,2023-08-01,1,1000.0,100.0,137.26000000000002,400.0,362.74,637.26
90,2023-08-25,2023-08-28,1,-16200.0,100.0,132.068,400.0,-16832.068,632.068
91,2023-08-30,2023-09-12,1,-55800.0,100.0,132.788,400.0,-56432.788,632.788
92,2023-09-13,2023-09-20,2,6800.0,200.0,265.696,800.0,5534.304,1265.696
93,2023-10-11,2023-10-19,2,-97200.0,200.0,266.064,800.0,-98466.064,1266.064
94,2023-11-06,2023-12-05,2,117200.0,200.0,271.528,800.0,115928.472,1271.528
95,2023-12-28,2023-12-29,1,600.0,100.0,142.812,400.0,-42.81200000000001,642.812
96,2024-01-22,2024-02-05,1,38400.0,100.0,143.296,400.0,37756.704,643.296
97,2024-02-16,2024-02-29,2,23200.0,200.0,300.02400000000006,800.0,21899.976,1300.0240000000001
98,2024-03-01,2024-03-04,1,35200.0,100.0,152.448,400.0,34547.552,652.448
99,2024-03-22,2024-03-25,1,6000.0,100.0,161.928,400.0,5338.072,661.928
100,2024-04-01,2024-04-02,1,-8600.0,100.0,162.972,400.0,-9262.972,662.972
101,2024-04-03,2024-04-08,1,6800.0,100.0,163.096,400.0,6136.904,663.096
102,2024-04-10,2024-04-12,1,-15400.0,100.0,166.26800000000003,400.0,-16066.268,666.268
103,2024-04-30,2024-05-02,1,-53600.0,100.0,163.072,400.0,-54263.072,663.072
104,2024-05-07,2024-05-08,1,-23000.0,100.0,165.404,400.0,-23665.404,665.404
105,2024-05-13,2024-05-20,2,98400.0,200.0,337.616,800.0,97062.38399999999,1337.616
106,2024-05-21,2024-05-22,1,-6200.0,100.0,170.46800000000002,400.0,-6870.468,670.4680000000001
107,2024-05-23,2024-05-24,1,-36400.0,100.0,172.312,400.0,-37072.312,672.312
108,2024-05-27,2024-05-28,1,44400.0,100.0,174.24800000000002,400.0,43725.752,674.248
109,2024-08-20,2024-08-21,2,-48000.0,200.0,358.704,800.0,-49358.704,1358.704
110,2024-08-26,2024-08-27,1,-23600.0,100.0,177.368,400.0,-24277.368,677.3679999999999
111,2024-08-28,2024-09-02,1,27400.0,100.0,177.996,400.0,26722.004,677.996
112,2024-09-20,2024-09-23,1,-10800.0,100.0,178.544,400.0,-11478.544,678.544
113,2024-12-05,2024-12-12,1,-51200.0,100.0,185.056,400.0,-51885.056,685.056
114,2024-12-13,2024-12-16,1,44800.0,100.0,184.86400000000003,400.0,44115.136,684.864
115,2024-12-19,2024-12-20,1,4000.0,100.0,182.056,400.0,3317.944,682.056
116,2024-12-24,2024-12-27,1,-47200.0,100.0,186.496,400.0,-47886.496,686.496
117,2025-02-07,2025-02-12,1,28800.0,100.0,186.856,400.0,28113.144,686.856
118,2025-02-19,2025-02-25,1,-70200.0,100.0,187.252,400.0,-70887.252,687.252
119,2025-04-28,2025-05-13,1,291200.0,100.0,165.544,400.0,290534.456,665.544
120,2025-06-12,2025-06-13,1,-72200.0,100.0,177.07600000000002,400.0,-72877.076,677.076
121,2025-06-25,2025-07-03,1,86000.0,100.0,178.824,400.0,85321.176,678.8240000000001
122,2025-07-17,2025-07-21,1,55200.0,100.0,184.76800000000003,400.0,54515.232,684.768
123,2025-08-05,2025-08-11,1,105400.0,100.0,189.67600000000002,400.0,104710.324,689.676
124,2025-08-12,2025-08-13,1,28600.0,100.0,193.812,400.0,27906.188,693.812
125,2025-08-22,2025-08-25,1,48600.0,100.0,191.98800000000003,400.0,47908.012,691.988
126,2025-08-26,2025-09-02,1,-12000.0,100.0,192.904,400.0,-12692.904,692.904
127,2025-09-08,2025-09-23,2,292000.0,200.0,407.65600000000006,800.0,290592.34400000004,1407.656
128,2025-09-24,2025-09-25,1,-37000.0,100.0,210.26800000000003,400.0,-37710.268,710.268
129,2025-10-01,2025-10-02,1,73000.0,100.0,210.21200000000002,400.0,72289.788,710.212
130,2025-12-01,2025-12-02,1,4800.0,100.0,221.29600000000002,400.0,4078.7039999999997,721.296
131,2025-12-03,2025-12-10,1,94200.0,100.0,224.348,400.0,93475.652,724.348
132,2025-12-11,2025-12-16,1,-194000.0,100.0,224.92000000000002,400.0,-194724.92,724.9200000000001
133,2025-12-22,2025-12-23,1,27200.0,100.0,226.592,400.0,26473.408,726.592
134,2025-12-24,2025-12-30,1,42400.0,100.0,229.36800000000002,400.0,41670.632,729.368
135,2026-01-05,2026-01-07,1,144200.0,100.0,241.98800000000003,400.0,143458.012,741.988
136,2026-01-09,2026-01-12,1,53400.0,100.0,244.668,400.0,52655.332,744.668
137,2026-01-13,2026-01-14,1,-13400.0,100.0,248.26800000000003,400.0,-14148.268,748.268
138,2026-02-05,2026-02-09,1,170800.0,100.0,259.17600000000004,400.0,170040.824,759.176
139,2026-02-10,2026-02-26,2,491600.0,200.0,543.8720000000001,800.0,490056.128,1543.872
140,2026-04-02,2026-04-07,1,-96800.0,100.0,267.472,400.0,-97567.472,767.472
141,2026-04-08,2026-04-15,2,417600.0,200.0,578.672,800.0,416021.328,1578.672
142,2026-05-19,2026-05-20,2,-148600.0,200.0,647.212,800.0,-150247.212,1647.212
143,2026-07-06,2026-07-08,1,-334800.0,100.0,371.54400000000004,400.0,-335671.544,871.5440000000001
144,2026-08-06,2026-08-17,1,334600.0,100.0,360.10800000000006,400.0,333739.892,860.1080000000001
145,2026-09-02,2026-09-03,1,-106400.0,100.0,371.48,400.0,-107271.48,871.48
146,2026-09-04,2026-09-07,1,174800.0,100.0,374.744,400.0,173925.256,874.744
147,2026-09-21,2026-09-23,1,184400.0,100.0,384.54400000000004,400.0,183515.456,884.5440000000001
