segment_id,episode_id,contract,entry_date,entry_raw,entry_execution,fee,tax,slippage_cost,exit_date,exit_raw,exit_execution,gross_pnl,pnl
1,1,TX201809,2018-08-31,10975.0,10977.0,100.0,87.36000000000001,800.0,2018-09-10,10865.0,10863.0,-22000.0,-22987.36
2,2,TX201809,2018-09-17,10857.0,10859.0,100.0,86.57600000000001,800.0,2018-09-18,10787.0,10785.0,-14000.0,-14986.576
3,3,TX201810,2018-09-25,10960.0,10962.0,100.0,87.66000000000001,800.0,2018-09-27,10955.0,10953.0,-1000.0,-1987.66
4,4,TX201810,2018-09-28,11011.0,11013.0,100.0,87.91600000000001,800.0,2018-10-01,10968.0,10966.0,-8600.0,-9587.916
5,5,TX201810,2018-10-02,11006.0,11008.0,100.0,87.54400000000001,800.0,2018-10-03,10880.0,10878.0,-25200.0,-26187.544
6,6,TX201811,2018-11-05,9803.0,9805.0,100.0,78.608,800.0,2018-11-06,9849.0,9847.0,9200.0,8221.392
7,7,TX201811,2018-11-08,9980.0,9982.0,100.0,78.92000000000002,800.0,2018-11-12,9750.0,9748.0,-46000.0,-46978.92
8,8,TX201811,2018-11-13,9600.0,9602.0,100.0,77.47200000000001,800.0,2018-11-14,9768.0,9766.0,33600.0,32622.528
9,9,TX201811,2018-11-15,9790.0,9792.0,100.0,78.08800000000001,800.0,2018-11-20,9732.0,9730.0,-11600.0,-12578.088
10,9,TX201812,2018-11-20,9711.0,9713.0,100.0,77.70400000000001,800.0,2018-11-23,9715.0,9713.0,800.0,-177.70399999999995
11,10,TX201812,2018-11-29,9984.0,9986.0,100.0,79.98400000000001,800.0,2018-12-03,10012.0,10010.0,5600.0,4620.016
12,11,TX201812,2018-12-04,10080.0,10082.0,100.0,79.572,800.0,2018-12-06,9813.0,9811.0,-53400.0,-54379.572
13,12,TX201901,2019-01-10,9710.0,9712.0,100.0,78.012,800.0,2019-01-15,9793.0,9791.0,16600.0,15621.988000000001
14,12,TX201902,2019-01-15,9794.0,9796.0,100.0,79.744,800.0,2019-02-19,10142.0,10140.0,69600.0,68620.256
15,12,TX201903,2019-02-19,10145.0,10147.0,100.0,81.62,800.0,2019-03-05,10260.0,10258.0,23000.0,22018.38
16,13,TX201903,2019-03-06,10283.0,10285.0,100.0,82.052,800.0,2019-03-08,10230.0,10228.0,-10600.0,-11582.052
17,14,TX201903,2019-03-12,10301.0,10303.0,100.0,82.62400000000001,800.0,2019-03-15,10355.0,10353.0,10800.0,9817.376
18,15,TX201903,2019-03-18,10437.0,10439.0,100.0,83.75200000000001,800.0,2019-03-19,10501.0,10499.0,12800.0,11816.248
19,15,TX201904,2019-03-19,10495.0,10497.0,100.0,84.132,800.0,2019-03-21,10538.0,10536.0,8600.0,7615.868
20,16,TX201904,2019-03-22,10645.0,10647.0,100.0,84.492,800.0,2019-03-25,10478.0,10476.0,-33400.0,-34384.492
21,17,TX201904,2019-03-29,10551.0,10553.0,100.0,85.928,800.0,2019-04-16,10931.0,10929.0,76000.0,75014.072
22,17,TX201905,2019-04-16,10923.0,10925.0,100.0,87.292,800.0,2019-05-07,10900.0,10898.0,-4600.0,-5587.292
23,18,TX201905,2019-05-08,10849.0,10851.0,100.0,86.81200000000001,800.0,2019-05-09,10854.0,10852.0,1000.0,13.187999999999988
24,19,TX201906,2019-06-12,10587.0,10589.0,100.0,84.48400000000001,800.0,2019-06-14,10534.0,10532.0,-10600.0,-11584.484
25,20,TX201906,2019-06-18,10539.0,10541.0,100.0,84.368,800.0,2019-06-18,10553.0,10551.0,2800.0,1815.632
26,20,TX201907,2019-06-18,10338.0,10340.0,100.0,83.20000000000002,800.0,2019-06-19,10462.0,10460.0,24800.0,23816.8
27,21,TX201907,2019-06-20,10575.0,10577.0,100.0,84.78,800.0,2019-06-25,10620.0,10618.0,9000.0,8015.219999999999
28,22,TX201907,2019-06-28,10621.0,10623.0,100.0,85.436,800.0,2019-07-02,10738.0,10736.0,23400.0,22414.564
29,23,TX201907,2019-07-04,10691.0,10693.0,100.0,85.56,800.0,2019-07-10,10699.0,10697.0,1600.0,614.44
30,24,TX201907,2019-07-12,10789.0,10791.0,100.0,86.66,800.0,2019-07-16,10876.0,10874.0,17400.0,16413.34
31,24,TX201908,2019-07-16,10727.0,10729.0,100.0,85.40800000000002,800.0,2019-07-18,10625.0,10623.0,-20400.0,-21385.408
32,25,TX201908,2019-07-22,10735.0,10737.0,100.0,85.82400000000001,800.0,2019-07-31,10721.0,10719.0,-2800.0,-3785.824
33,26,TX201909,2019-08-30,10520.0,10522.0,100.0,85.53200000000001,800.0,2019-09-17,10863.0,10861.0,68600.0,67614.468
34,26,TX201910,2019-09-17,10839.0,10841.0,100.0,87.78800000000001,800.0,2019-10-15,11108.0,11106.0,53800.0,52812.212
35,26,TX201911,2019-10-15,11087.0,11089.0,100.0,90.924,800.0,2019-11-19,11644.0,11642.0,111400.0,110409.076
36,26,TX201912,2019-11-19,11640.0,11642.0,100.0,92.82000000000001,800.0,2019-11-22,11565.0,11563.0,-15000.0,-15992.82
37,27,TX201912,2019-11-28,11658.0,11660.0,100.0,93.048,800.0,2019-11-29,11604.0,11602.0,-10800.0,-11793.048
38,28,TX201912,2019-12-06,11645.0,11647.0,100.0,92.98,800.0,2019-12-11,11600.0,11598.0,-9000.0,-9992.98
39,29,TX201912,2019-12-12,11765.0,11767.0,100.0,95.46000000000001,800.0,2019-12-17,12100.0,12098.0,67000.0,66004.54
40,29,TX202001,2019-12-17,12090.0,12092.0,100.0,96.61200000000001,800.0,2019-12-20,12063.0,12061.0,-5400.0,-6396.612
41,30,TX202001,2019-12-23,12000.0,12002.0,100.0,96.12,800.0,2019-12-24,12030.0,12028.0,6000.0,5003.88
42,31,TX202001,2019-12-30,12091.0,12093.0,100.0,96.48000000000002,800.0,2019-12-31,12029.0,12027.0,-12400.0,-13396.48
43,32,TX202002,2020-02-17,11710.0,11712.0,100.0,93.70000000000002,800.0,2020-02-18,11715.0,11713.0,1000.0,6.2999999999999545
44,33,TX202003,2020-02-20,11820.0,11822.0,100.0,93.94,800.0,2020-02-21,11665.0,11663.0,-31000.0,-31993.94
45,34,TX202004,2020-04-08,9950.0,9952.0,100.0,81.184,800.0,2020-04-14,10346.0,10344.0,79200.0,78218.816
46,34,TX202005,2020-04-14,10261.0,10263.0,100.0,83.10400000000001,800.0,2020-04-20,10515.0,10513.0,50800.0,49816.896
47,35,TX202006,2020-05-20,10849.0,10851.0,100.0,87.00800000000001,800.0,2020-05-21,10903.0,10901.0,10800.0,9812.992
48,36,TX202006,2020-05-22,10928.0,10930.0,100.0,86.912,800.0,2020-05-25,10800.0,10798.0,-25600.0,-26586.912
49,37,TX202006,2020-05-27,10962.0,10964.0,100.0,89.952,800.0,2020-06-16,11526.0,11524.0,112800.0,111810.048
50,37,TX202007,2020-06-16,11329.0,11331.0,100.0,91.156,800.0,2020-06-30,11460.0,11458.0,26200.0,25208.844
51,38,TX202007,2020-07-02,11585.0,11587.0,100.0,95.09200000000001,800.0,2020-07-14,12188.0,12186.0,120600.0,119604.908
52,38,TX202008,2020-07-14,12033.0,12035.0,100.0,98.256,800.0,2020-08-03,12531.0,12529.0,99600.0,98601.744
53,39,TX202008,2020-08-04,12516.0,12518.0,100.0,100.864,800.0,2020-08-12,12700.0,12698.0,36800.0,35799.136
54,40,TX202008,2020-08-13,12816.0,12818.0,100.0,102.76400000000001,800.0,2020-08-18,12875.0,12873.0,11800.0,10797.236
55,40,TX202009,2020-08-18,12831.0,12833.0,100.0,101.188,800.0,2020-08-21,12466.0,12464.0,-73000.0,-74001.188
56,41,TX202009,2020-08-26,12730.0,12732.0,100.0,102.12,800.0,2020-08-31,12800.0,12798.0,14000.0,12997.88
57,42,TX202009,2020-09-04,12558.0,12560.0,100.0,100.66400000000002,800.0,2020-09-07,12608.0,12606.0,10000.0,8999.336
58,43,TX202009,2020-09-11,12658.0,12660.0,100.0,101.40800000000002,800.0,2020-09-14,12694.0,12692.0,7200.0,6198.592
59,44,TX202009,2020-09-15,12768.0,12770.0,100.0,102.43200000000002,800.0,2020-09-15,12840.0,12838.0,14400.0,13397.568
60,44,TX202010,2020-09-15,12779.0,12781.0,100.0,101.62400000000001,800.0,2020-09-22,12627.0,12625.0,-30400.0,-31401.624
61,45,TX202010,2020-10-07,12620.0,12622.0,100.0,102.048,800.0,2020-10-20,12892.0,12890.0,54400.0,53397.952
62,46,TX202011,2020-10-21,12820.0,12822.0,100.0,101.67200000000001,800.0,2020-10-29,12598.0,12596.0,-44400.0,-45401.672
63,47,TX202011,2020-11-05,12924.0,12926.0,100.0,106.19600000000001,800.0,2020-11-17,13625.0,13623.0,140200.0,139193.804
64,47,TX202012,2020-11-17,13581.0,13583.0,100.0,110.00800000000001,800.0,2020-11-24,13921.0,13919.0,68000.0,66989.992
65,48,TX202012,2020-11-25,13886.0,13888.0,100.0,111.27200000000002,800.0,2020-12-02,13932.0,13930.0,9200.0,8188.727999999999
66,49,TX202101,2021-01-06,15048.0,15050.0,100.0,123.99200000000002,800.0,2021-01-15,15950.0,15948.0,180400.0,179376.008
67,50,TX202101,2021-01-18,15637.0,15639.0,100.0,126.10000000000001,800.0,2021-01-19,15888.0,15886.0,50200.0,49173.9
68,50,TX202102,2021-01-19,15847.0,15849.0,100.0,126.76800000000001,800.0,2021-01-20,15845.0,15843.0,-400.0,-1426.768
69,51,TX202102,2021-01-22,16051.0,16053.0,100.0,128.02800000000002,800.0,2021-01-25,15956.0,15954.0,-19000.0,-20028.028
70,52,TX202104,2021-03-29,16370.0,16372.0,100.0,131.62,800.0,2021-04-01,16535.0,16533.0,33000.0,31968.379999999997
71,53,TX202104,2021-04-06,16760.0,16762.0,100.0,133.9,800.0,2021-04-08,16715.0,16713.0,-9000.0,-10033.9
72,54,TX202104,2021-04-19,17118.0,17120.0,100.0,137.748,800.0,2021-04-20,17319.0,17317.0,40200.0,39162.252
73,54,TX202105,2021-04-20,17256.0,17258.0,100.0,138.056,800.0,2021-04-22,17258.0,17256.0,400.0,-638.056
74,55,TX202106,2021-05-27,16593.0,16595.0,100.0,133.93600000000004,800.0,2021-05-31,16891.0,16889.0,59600.0,58566.064
75,56,TX202106,2021-06-01,17050.0,17052.0,100.0,136.18800000000002,800.0,2021-06-09,16997.0,16995.0,-10600.0,-11636.188
76,57,TX202107,2021-07-06,17956.0,17958.0,100.0,143.108,800.0,2021-07-07,17821.0,17819.0,-27000.0,-28043.108
77,58,TX202107,2021-07-08,17876.0,17878.0,100.0,142.89600000000002,800.0,2021-07-12,17848.0,17846.0,-5600.0,-6642.896
78,59,TX202107,2021-07-16,17826.0,17828.0,100.0,142.17200000000003,800.0,2021-07-19,17717.0,17715.0,-21800.0,-22842.172
79,60,TX202108,2021-08-05,17570.0,17572.0,100.0,140.5,800.0,2021-08-06,17555.0,17553.0,-3000.0,-4040.5
80,61,TX202109,2021-09-03,17442.0,17444.0,100.0,139.52800000000002,800.0,2021-09-06,17440.0,17438.0,-400.0,-1439.528
81,62,TX202109,2021-09-08,17395.0,17397.0,100.0,139.42400000000004,800.0,2021-09-14,17461.0,17459.0,13200.0,12160.576
82,62,TX202110,2021-09-14,17401.0,17403.0,100.0,136.94400000000002,800.0,2021-09-22,16835.0,16833.0,-113200.0,-114236.944
83,63,TX202111,2021-10-20,16921.0,16923.0,100.0,135.20000000000002,800.0,2021-10-21,16879.0,16877.0,-8400.0,-9435.2
84,64,TX202111,2021-11-08,17256.0,17258.0,100.0,139.82800000000003,800.0,2021-11-16,17701.0,17699.0,89000.0,87960.172
85,64,TX202112,2021-11-16,17680.0,17682.0,100.0,139.692,800.0,2021-11-29,17243.0,17241.0,-87400.0,-88439.692
86,65,TX202201,2021-12-23,17935.0,17937.0,100.0,145.13600000000002,800.0,2022-01-18,18349.0,18347.0,82800.0,81754.864
87,65,TX202202,2022-01-18,18314.0,18316.0,100.0,146.068,800.0,2022-01-20,18203.0,18201.0,-22200.0,-23246.068
88,66,TX202202,2022-02-11,18202.0,18204.0,100.0,144.496,800.0,2022-02-15,17922.0,17920.0,-56000.0,-57044.496
89,67,TX202203,2022-02-17,18269.0,18271.0,100.0,144.892,800.0,2022-02-23,17954.0,17952.0,-63000.0,-64044.892
90,68,TX202204,2022-03-22,17536.0,17538.0,100.0,138.94400000000002,800.0,2022-04-08,17200.0,17198.0,-67200.0,-68238.944
91,69,TX202206,2022-05-30,16400.0,16402.0,100.0,129.4,800.0,2022-06-14,15950.0,15948.0,-90000.0,-91029.4
92,70,TX202207,2022-07-19,14562.0,14564.0,100.0,116.96000000000001,800.0,2022-07-19,14678.0,14676.0,23200.0,22183.04
93,70,TX202208,2022-07-19,14528.0,14530.0,100.0,118.572,800.0,2022-08-11,15115.0,15113.0,117400.0,116381.428
94,71,TX202208,2022-08-12,15229.0,15231.0,100.0,122.60400000000001,800.0,2022-08-16,15422.0,15420.0,38600.0,37577.396
95,71,TX202209,2022-08-16,15366.0,15368.0,100.0,121.70000000000002,800.0,2022-08-23,15059.0,15057.0,-61400.0,-62421.7
96,72,TX202211,2022-11-03,12883.0,12885.0,100.0,103.05200000000002,800.0,2022-11-04,12880.0,12878.0,-600.0,-1603.0520000000001
97,73,TX202211,2022-11-10,13543.0,13545.0,100.0,110.03200000000001,800.0,2022-11-11,13965.0,13963.0,84400.0,83389.968
98,74,TX202212,2022-11-30,14640.0,14642.0,100.0,118.0,800.0,2022-12-02,14860.0,14858.0,44000.0,42982.0
99,75,TX202212,2022-12-16,14440.0,14442.0,100.0,115.38000000000001,800.0,2022-12-19,14405.0,14403.0,-7000.0,-8015.38
100,76,TX202301,2023-01-09,14618.0,14620.0,100.0,118.17200000000001,800.0,2023-01-17,14925.0,14923.0,61400.0,60381.828
101,76,TX202302,2023-01-17,14910.0,14912.0,100.0,121.04,800.0,2023-02-01,15350.0,15348.0,88000.0,86978.96
102,77,TX202302,2023-02-03,15581.0,15583.0,100.0,124.34,800.0,2023-02-06,15504.0,15502.0,-15400.0,-16424.34
103,78,TX202302,2023-02-09,15549.0,15551.0,100.0,124.58000000000001,800.0,2023-02-10,15596.0,15594.0,9400.0,8375.42
104,79,TX202302,2023-02-14,15633.0,15635.0,100.0,125.17600000000002,800.0,2023-02-14,15661.0,15659.0,5600.0,4574.824
105,79,TX202303,2023-02-14,15645.0,15647.0,100.0,124.56000000000002,800.0,2023-02-15,15495.0,15493.0,-30000.0,-31024.56
106,80,TX202303,2023-02-17,15428.0,15430.0,100.0,123.45200000000001,800.0,2023-02-23,15435.0,15433.0,1400.0,376.548
107,81,TX202303,2023-02-24,15642.0,15644.0,100.0,124.36800000000001,800.0,2023-03-13,15450.0,15448.0,-38400.0,-39424.368
108,82,TX202304,2023-03-23,15695.0,15697.0,100.0,126.20000000000002,800.0,2023-03-27,15855.0,15853.0,32000.0,30973.8
109,83,TX202304,2023-04-07,15850.0,15852.0,100.0,126.96000000000001,800.0,2023-04-18,15890.0,15888.0,8000.0,6973.04
110,83,TX202305,2023-04-18,15871.0,15873.0,100.0,126.40400000000001,800.0,2023-04-20,15730.0,15728.0,-28200.0,-29226.404
111,84,TX202305,2023-05-09,15706.0,15708.0,100.0,125.46400000000001,800.0,2023-05-11,15660.0,15658.0,-9200.0,-10225.464
112,85,TX202306,2023-05-17,15661.0,15663.0,100.0,126.864,800.0,2023-05-24,16055.0,16053.0,78800.0,77773.136
113,86,TX202306,2023-05-25,16132.0,16134.0,100.0,130.728,800.0,2023-05-30,16550.0,16548.0,83600.0,82569.272
114,87,TX202306,2023-06-08,16852.0,16854.0,100.0,135.22400000000002,800.0,2023-06-12,16954.0,16952.0,20400.0,19364.776
115,88,TX202308,2023-07-26,17206.0,17208.0,100.0,137.556,800.0,2023-07-27,17183.0,17181.0,-4600.0,-5637.556
116,89,TX202308,2023-07-28,17155.0,17157.0,100.0,137.26,800.0,2023-08-01,17160.0,17158.0,1000.0,-37.25999999999999
117,90,TX202309,2023-08-25,16549.0,16551.0,100.0,132.068,800.0,2023-08-28,16468.0,16466.0,-16200.0,-17232.068
118,91,TX202309,2023-08-30,16738.0,16740.0,100.0,132.788,800.0,2023-09-12,16459.0,16457.0,-55800.0,-56832.788
119,92,TX202309,2023-09-13,16570.0,16572.0,100.0,132.716,800.0,2023-09-19,16609.0,16607.0,7800.0,6767.284
120,92,TX202310,2023-09-19,16625.0,16627.0,100.0,132.98000000000002,800.0,2023-09-20,16620.0,16618.0,-1000.0,-2032.98
121,93,TX202310,2023-10-11,16829.0,16831.0,100.0,133.916,800.0,2023-10-17,16650.0,16648.0,-35800.0,-36833.916
122,93,TX202311,2023-10-17,16672.0,16674.0,100.0,132.14800000000002,800.0,2023-10-19,16365.0,16363.0,-61400.0,-62432.148
123,94,TX202311,2023-11-06,16680.0,16682.0,100.0,134.51600000000002,800.0,2023-11-14,16949.0,16947.0,53800.0,52765.484
124,94,TX202312,2023-11-14,16968.0,16970.0,100.0,137.012,800.0,2023-12-05,17285.0,17283.0,63400.0,62362.988
125,95,TX202401,2023-12-28,17850.0,17852.0,100.0,142.812,800.0,2023-12-29,17853.0,17851.0,600.0,-442.812
126,96,TX202402,2024-01-22,17816.0,17818.0,100.0,143.296,800.0,2024-02-05,18008.0,18006.0,38400.0,37356.704
127,97,TX202402,2024-02-16,18683.0,18685.0,100.0,149.74400000000003,800.0,2024-02-20,18753.0,18751.0,14000.0,12950.256
128,97,TX202403,2024-02-20,18762.0,18764.0,100.0,150.28000000000003,800.0,2024-02-29,18808.0,18806.0,9200.0,8149.719999999999
129,98,TX202403,2024-03-01,18968.0,18970.0,100.0,152.44800000000004,800.0,2024-03-04,19144.0,19142.0,35200.0,34147.552
130,99,TX202404,2024-03-22,20226.0,20228.0,100.0,161.928,800.0,2024-03-25,20256.0,20254.0,6000.0,4938.072
131,100,TX202404,2024-04-01,20393.0,20395.0,100.0,162.97200000000004,800.0,2024-04-02,20350.0,20348.0,-8600.0,-9662.972
132,101,TX202404,2024-04-03,20370.0,20372.0,100.0,163.096,800.0,2024-04-08,20404.0,20402.0,6800.0,5736.904
133,102,TX202404,2024-04-10,20822.0,20824.0,100.0,166.26800000000003,800.0,2024-04-12,20745.0,20743.0,-15400.0,-16466.268
134,103,TX202405,2024-04-30,20518.0,20520.0,100.0,163.072,800.0,2024-05-02,20250.0,20248.0,-53600.0,-54663.072
135,104,TX202405,2024-05-07,20733.0,20735.0,100.0,165.40400000000002,800.0,2024-05-08,20618.0,20616.0,-23000.0,-24065.404
136,105,TX202405,2024-05-13,20942.0,20944.0,100.0,167.82000000000002,800.0,2024-05-14,21013.0,21011.0,14200.0,13132.18
137,105,TX202406,2024-05-14,21014.0,21016.0,100.0,169.79600000000002,800.0,2024-05-20,21435.0,21433.0,84200.0,83130.204
138,106,TX202406,2024-05-21,21324.0,21326.0,100.0,170.46800000000002,800.0,2024-05-22,21293.0,21291.0,-6200.0,-7270.468
139,107,TX202406,2024-05-23,21630.0,21632.0,100.0,172.312,800.0,2024-05-24,21448.0,21446.0,-36400.0,-37472.312
140,108,TX202406,2024-05-27,21670.0,21672.0,100.0,174.248,800.0,2024-05-28,21892.0,21890.0,44400.0,43325.752
141,109,TX202408,2024-08-20,22555.0,22557.0,100.0,179.964,800.0,2024-08-20,22436.0,22434.0,-23800.0,-24879.964
142,109,TX202409,2024-08-20,22403.0,22405.0,100.0,178.74,800.0,2024-08-21,22282.0,22280.0,-24200.0,-25278.74
143,110,TX202409,2024-08-26,22230.0,22232.0,100.0,177.36800000000002,800.0,2024-08-27,22112.0,22110.0,-23600.0,-24677.368
144,111,TX202409,2024-08-28,22181.0,22183.0,100.0,177.99600000000004,800.0,2024-09-02,22318.0,22316.0,27400.0,26322.004
145,112,TX202410,2024-09-20,22345.0,22347.0,100.0,178.544,800.0,2024-09-23,22291.0,22289.0,-10800.0,-11878.544
146,113,TX202412,2024-12-05,23260.0,23262.0,100.0,185.056,800.0,2024-12-12,23004.0,23002.0,-51200.0,-52285.056
147,114,TX202412,2024-12-13,22996.0,22998.0,100.0,184.86400000000003,800.0,2024-12-16,23220.0,23218.0,44800.0,43715.136
148,115,TX202501,2024-12-19,22747.0,22749.0,100.0,182.056,800.0,2024-12-20,22767.0,22765.0,4000.0,2917.944
149,116,TX202501,2024-12-24,23430.0,23432.0,100.0,186.496,800.0,2024-12-27,23194.0,23192.0,-47200.0,-48286.496
150,117,TX202502,2025-02-07,23285.0,23287.0,100.0,186.85600000000002,800.0,2025-02-12,23429.0,23427.0,28800.0,27713.144
151,118,TX202503,2025-02-19,23582.0,23584.0,100.0,187.252,800.0,2025-02-25,23231.0,23229.0,-70200.0,-71287.252
152,119,TX202505,2025-04-28,19965.0,19967.0,100.0,165.544,800.0,2025-05-13,21421.0,21419.0,291200.0,290134.456
153,120,TX202506,2025-06-12,22315.0,22317.0,100.0,177.07600000000002,800.0,2025-06-13,21954.0,21952.0,-72200.0,-73277.076
154,121,TX202507,2025-06-25,22138.0,22140.0,100.0,178.824,800.0,2025-07-03,22568.0,22566.0,86000.0,84921.176
155,122,TX202508,2025-07-17,22958.0,22960.0,100.0,184.76800000000003,800.0,2025-07-21,23234.0,23232.0,55200.0,54115.232
156,123,TX202508,2025-08-05,23446.0,23448.0,100.0,189.67600000000002,800.0,2025-08-11,23973.0,23971.0,105400.0,104310.324
157,124,TX202508,2025-08-12,24155.0,24157.0,100.0,193.812,800.0,2025-08-13,24298.0,24296.0,28600.0,27506.188
158,125,TX202509,2025-08-22,23877.0,23879.0,100.0,191.988,800.0,2025-08-25,24120.0,24118.0,48600.0,47508.012
159,126,TX202509,2025-08-26,24143.0,24145.0,100.0,192.90400000000002,800.0,2025-09-02,24083.0,24081.0,-12000.0,-13092.904
160,127,TX202509,2025-09-08,24588.0,24590.0,100.0,200.86800000000002,800.0,2025-09-16,25629.0,25627.0,208200.0,207099.132
161,127,TX202510,2025-09-16,25639.0,25641.0,100.0,206.788,800.0,2025-09-23,26058.0,26056.0,83800.0,82693.212
162,128,TX202510,2025-09-24,26376.0,26378.0,100.0,210.26800000000003,800.0,2025-09-25,26191.0,26189.0,-37000.0,-38110.268
163,129,TX202510,2025-10-01,26094.0,26096.0,100.0,210.21200000000002,800.0,2025-10-02,26459.0,26457.0,73000.0,71889.788
164,130,TX202512,2025-12-01,27650.0,27652.0,100.0,221.296,800.0,2025-12-02,27674.0,27672.0,4800.0,3678.7039999999997
165,131,TX202512,2025-12-03,27808.0,27810.0,100.0,224.348,800.0,2025-12-10,28279.0,28277.0,94200.0,93075.652
166,132,TX202512,2025-12-11,28600.0,28602.0,100.0,224.92000000000002,800.0,2025-12-16,27630.0,27628.0,-194000.0,-195124.92
167,133,TX202601,2025-12-22,28256.0,28258.0,100.0,226.592,800.0,2025-12-23,28392.0,28390.0,27200.0,26073.408
168,134,TX202601,2025-12-24,28565.0,28567.0,100.0,229.36800000000002,800.0,2025-12-30,28777.0,28775.0,42400.0,41270.632
169,135,TX202601,2026-01-05,29888.0,29890.0,100.0,241.98800000000003,800.0,2026-01-07,30609.0,30607.0,144200.0,143058.012
170,136,TX202601,2026-01-09,30450.0,30452.0,100.0,244.668,800.0,2026-01-12,30717.0,30715.0,53400.0,52255.332
171,137,TX202601,2026-01-13,31067.0,31069.0,100.0,248.26800000000003,800.0,2026-01-14,31000.0,30998.0,-13400.0,-14548.268
172,138,TX202602,2026-02-05,31970.0,31972.0,100.0,259.17600000000004,800.0,2026-02-09,32824.0,32822.0,170800.0,169640.824
173,139,TX202602,2026-02-10,32906.0,32908.0,100.0,266.38800000000003,800.0,2026-02-11,33691.0,33689.0,157000.0,155833.612
174,139,TX202603,2026-02-11,33849.0,33851.0,100.0,277.48400000000004,800.0,2026-02-26,35522.0,35520.0,334600.0,333422.516
175,140,TX202604,2026-04-02,33676.0,33678.0,100.0,267.47200000000004,800.0,2026-04-07,33192.0,33190.0,-96800.0,-97967.472
176,141,TX202604,2026-04-08,34651.0,34653.0,100.0,284.12800000000004,800.0,2026-04-14,36381.0,36379.0,346000.0,344815.872
177,141,TX202605,2026-04-14,36639.0,36641.0,100.0,294.54400000000004,800.0,2026-04-15,36997.0,36995.0,71600.0,70405.456
178,142,TX202605,2026-05-19,40890.0,40892.0,100.0,324.552,800.0,2026-05-19,40248.0,40246.0,-128400.0,-129624.552
179,142,TX202606,2026-05-19,40383.0,40385.0,100.0,322.66,800.0,2026-05-20,40282.0,40280.0,-20200.0,-21422.66
180,143,TX202607,2026-07-06,47280.0,47282.0,100.0,371.54400000000004,800.0,2026-07-08,45606.0,45604.0,-334800.0,-336071.544
181,144,TX202608,2026-08-06,44177.0,44179.0,100.0,360.10800000000006,800.0,2026-08-17,45850.0,45848.0,334600.0,333339.892
182,145,TX202609,2026-09-02,46701.0,46703.0,100.0,371.48,800.0,2026-09-03,46169.0,46167.0,-106400.0,-107671.48
183,146,TX202609,2026-09-04,46406.0,46408.0,100.0,374.744,800.0,2026-09-07,47280.0,47278.0,174800.0,173525.256
184,147,TX202610,2026-09-21,47607.0,47609.0,100.0,384.544,800.0,2026-09-23,48529.0,48527.0,184400.0,183115.456
